-- phpMyAdmin SQL Dump
-- version 5.0.2
-- https://www.phpmyadmin.net/
--
-- Host: 127.0.0.1:3306
-- Generation Time: May 29, 2020 at 12:03 AM
-- Server version: 8.0.20
-- PHP Version: 7.2.24-0ubuntu0.18.04.4

SET SQL_MODE = "NO_AUTO_VALUE_ON_ZERO";
START TRANSACTION;
SET time_zone = "+00:00";


/*!40101 SET @OLD_CHARACTER_SET_CLIENT=@@CHARACTER_SET_CLIENT */;
/*!40101 SET @OLD_CHARACTER_SET_RESULTS=@@CHARACTER_SET_RESULTS */;
/*!40101 SET @OLD_COLLATION_CONNECTION=@@COLLATION_CONNECTION */;
/*!40101 SET NAMES utf8mb4 */;

--
-- Database: `db_parking_app`
--

-- --------------------------------------------------------

--
-- Table structure for table `car_brands`
--

CREATE TABLE `car_brands` (
  `id` int NOT NULL,
  `brand` varchar(45) NOT NULL
) ENGINE=InnoDB DEFAULT CHARSET=utf8mb4 COLLATE=utf8mb4_0900_ai_ci;

--
-- Dumping data for table `car_brands`
--

INSERT INTO `car_brands` (`id`, `brand`) VALUES
(1, 'BMW'),
(2, 'CHERY'),
(3, 'CHEVROLET'),
(4, 'DAIHATSU'),
(5, 'DODGE'),
(6, 'FIAT'),
(7, 'FORD'),
(8, 'FOTON'),
(9, 'GEELY'),
(10, 'HONDA'),
(11, 'HYUNDAI'),
(12, 'INFINITI'),
(13, 'ISUZU'),
(14, 'KIA'),
(15, 'LEXUS'),
(16, 'MAZDA'),
(17, 'MERCEDES BENZ'),
(18, 'MINI'),
(19, 'MITSUBISHI'),
(20, 'NISSAN'),
(21, 'PEUGEOT'),
(22, 'PROTON'),
(23, 'RENAULT'),
(24, 'SMART'),
(25, 'SUZUKI'),
(26, 'TATA'),
(27, 'TOYOTA'),
(28, 'VOLKSWAGEN'),
(29, 'AUDI'),
(30, 'JEEP'),
(31, 'LAND ROVER'),
(32, 'SUBARU'),
(43, 'IZUA'),
(45, 'HITJU');

-- --------------------------------------------------------

--
-- Table structure for table `car_types`
--

CREATE TABLE `car_types` (
  `id` int NOT NULL,
  `name` varchar(45) NOT NULL,
  `brand_id` int NOT NULL
) ENGINE=InnoDB DEFAULT CHARSET=utf8mb4 COLLATE=utf8mb4_0900_ai_ci;

--
-- Dumping data for table `car_types`
--

INSERT INTO `car_types` (`id`, `name`, `brand_id`) VALUES
(1, '2 Series', 1),
(2, '116i', 1),
(3, 'M135i Coupe', 1),
(4, 'Eastar ES', 2),
(5, 'Q22 (Transcar)', 2),
(6, 'QQ', 2),
(7, 'Tiggo', 2),
(8, 'Aveo', 3),
(9, 'Captiva', 3),
(10, 'Orlando', 3),
(11, 'Spin', 3),
(12, 'Trailblazer', 3),
(13, 'BV', 4),
(14, 'Luxio', 4),
(15, 'Sirion', 4),
(16, 'Terios', 4),
(17, 'Xenia', 4),
(18, 'Journey (Sunroof', 5),
(19, '500', 6),
(20, 'Ecosport', 7),
(21, 'Everest', 7),
(22, 'Fiesta', 7),
(23, 'Ambolance STD', 8),
(24, 'View CT Microbus STD', 8),
(25, 'Emgrand7 (RV)', 9),
(26, 'LC', 9),
(27, 'MK2', 9),
(28, 'TX 4', 9),
(29, 'CR-V', 10),
(30, 'Brio', 10),
(31, 'CR-Z', 10),
(32, 'Freed', 10),
(33, 'HR-V-A', 10),
(34, 'Jazz', 10),
(35, 'Mobilio', 10),
(36, 'Odyssey', 10),
(37, 'Grand Avega GL', 11),
(38, 'Grand i10', 11),
(39, 'H-1', 11),
(40, 'Santa Fe', 11),
(41, 'Starex Mover', 11),
(42, 'Tuscon', 11),
(43, 'FX37', 12),
(44, 'FX50', 12),
(45, 'MU-X', 13),
(46, 'Panther LM', 13),
(47, 'Carens', 14),
(48, 'Picanto', 14),
(49, 'Picanto Morning', 14),
(50, 'Pregio', 14),
(51, 'Rio', 14),
(52, 'Sorento', 14),
(53, 'Sportage', 14),
(54, 'Lexus GS450 Hybrid', 15),
(55, 'Lexus NX 200', 15),
(56, 'Lexus RX 270', 15),
(57, 'Lexus RX 450 Hybrid', 15),
(58, 'Biante SKYACTIV', 16),
(59, 'CX-5', 16),
(60, 'Mazda VX-1 1.4 V', 16),
(61, 'Mazda 2', 16),
(62, 'Mazda 8', 16),
(63, 'MY15 New CX-5.2.0 Sport', 16),
(64, 'A Class', 17),
(65, 'B Class', 17),
(66, 'CLA Class', 17),
(67, 'GLA Class', 17),
(68, 'Sprinter', 17),
(69, 'V 350', 17),
(70, 'V CDI 2.2', 17),
(71, 'Cooper', 18),
(72, 'Copper 5-Turer', 18),
(73, 'Copper Countryman', 18),
(74, 'Copper S 5-Turer', 18),
(75, 'Copper S Paceman', 18),
(76, 'Copper S Roadster', 18),
(77, 'John Copper Works', 18),
(78, 'Delica', 19),
(79, 'I-Miev', 19),
(80, 'L-300', 19),
(81, 'Mirage', 19),
(82, 'Outland Sport', 19),
(83, 'Pajero Sport 3x2', 19),
(84, 'T-120 SS Chs', 19),
(85, 'Elgrand', 20),
(86, 'Evalia', 20),
(87, 'Juke', 20),
(88, 'Livina', 20),
(89, 'Livina X-Gear', 20),
(90, 'March', 20),
(91, 'Serena', 20),
(92, 'X-Trail', 20),
(93, '107', 21),
(94, '208', 21),
(95, '3008 Crossover', 21),
(96, '3008 D', 21),
(97, '5008', 21),
(98, 'Exora', 22),
(99, 'Gen 2', 22),
(100, 'Neo R3', 22),
(101, 'Savvy', 22),
(102, 'Suprima S', 22),
(103, 'Captur', 23),
(104, 'Cilo RS', 23),
(105, 'Duster', 23),
(106, 'Keleos', 23),
(107, 'Megane Rs', 23),
(108, 'Smart fortwo Cabrio', 24),
(109, 'Smart fortwo Coupe', 24),
(110, 'Celerio', 25),
(111, 'Ertiga', 25),
(112, 'Grand Vitara', 25),
(113, 'Splash', 25),
(114, 'Swift', 25),
(115, 'SX-4 X-Over', 25),
(116, 'Aria', 26),
(117, 'Safari Storme', 26),
(118, 'Vista', 26),
(119, 'Alphard', 27),
(120, 'Avanza', 27),
(121, 'Etios', 27),
(122, 'Fortuner 4x2', 27),
(123, 'HI-ACE', 27),
(124, 'Kijang Innova', 27),
(125, 'Nav1', 27),
(126, 'Previa', 27),
(127, 'RAV', 27),
(128, 'Rush', 27),
(129, 'Vellfire', 27),
(130, 'Yaris', 27),
(131, 'Caravelle', 28),
(132, 'Golf', 28),
(133, 'Multivan', 28),
(134, 'Panel Van TDI 2.0', 28),
(135, 'Polo', 28),
(136, 'Scirocco', 28),
(137, 'Touran', 28),
(138, 'Tiguan 1.4', 28),
(139, 'Q3', 29),
(140, 'Q5', 29),
(141, 'Q7', 29),
(142, 'X Models', 1),
(143, 'Captiva 2.0 Dsl AWD', 3),
(144, 'Trailblazer 2.8 AWD', 3),
(145, 'Santa FE 4x4', 11),
(146, 'Defender', 31),
(147, 'Discovery', 31),
(148, 'Freelander', 31),
(149, 'Range Rover', 31),
(150, 'Jeep Cherokee', 30),
(151, 'Jeep Compass', 30),
(152, 'Jeep Wrangler', 30),
(153, 'Lexus LX 570', 15),
(154, 'Lexus LX RX 350', 15),
(155, 'New CX-9', 16),
(156, 'G Class', 17),
(157, 'GL Class', 17),
(158, 'ML', 17),
(159, 'R 300 L FL AT (V251)', 17),
(160, 'Pajero Sport 4x4', 19),
(161, 'Muranto', 20),
(162, 'Duster 4x4', 23),
(163, 'Forester', 32),
(164, 'Outback', 32),
(165, 'Tribeca', 43),
(166, 'XV', 32),
(167, 'Fortuner 4x4', 27),
(168, 'Land Cruiser', 27),
(169, 'Tiguan 2.0', 28),
(170, 'Touareg 3.0 TDI', 28);

-- --------------------------------------------------------

--
-- Table structure for table `history`
--

CREATE TABLE `history` (
  `id` int NOT NULL,
  `user_id` int NOT NULL,
  `area_id` int NOT NULL,
  `enter_date` datetime NOT NULL,
  `leave_date` datetime NOT NULL DEFAULT CURRENT_TIMESTAMP,
  `duration` int NOT NULL
) ENGINE=InnoDB DEFAULT CHARSET=utf8mb4 COLLATE=utf8mb4_0900_ai_ci;

--
-- Dumping data for table `history`
--

INSERT INTO `history` (`id`, `user_id`, `area_id`, `enter_date`, `leave_date`, `duration`) VALUES
(1, 26, 5, '2019-10-06 00:00:00', '2019-12-11 00:00:00', 57),
(2, 39, 4, '2019-10-17 00:00:00', '2019-10-27 00:00:00', 384),
(3, 23, 4, '2019-11-08 00:00:00', '2019-10-05 00:00:00', 85),
(4, 31, 1, '2019-12-13 00:00:00', '2019-11-11 00:00:00', 592),
(5, 34, 2, '2020-01-20 00:00:00', '2019-12-19 00:00:00', 563),
(6, 24, 4, '2019-12-13 00:00:00', '2020-01-01 00:00:00', 910),
(7, 10, 1, '2019-10-14 00:00:00', '2020-01-06 00:00:00', 202),
(8, 38, 1, '2020-01-03 00:00:00', '2019-10-30 00:00:00', 404),
(9, 47, 3, '2019-12-26 00:00:00', '2019-10-19 00:00:00', 206),
(10, 28, 4, '2019-11-28 00:00:00', '2019-12-13 00:00:00', 703),
(11, 13, 1, '2019-11-21 00:00:00', '2019-11-02 00:00:00', 371),
(12, 36, 4, '2019-10-13 00:00:00', '2019-11-12 00:00:00', 621),
(13, 37, 1, '2019-12-24 00:00:00', '2019-10-08 00:00:00', 94),
(14, 34, 6, '2019-10-09 00:00:00', '2019-11-29 00:00:00', 572),
(15, 15, 3, '2020-01-24 00:00:00', '2019-11-12 00:00:00', 235),
(16, 15, 6, '2019-10-18 00:00:00', '2020-02-03 00:00:00', 142),
(17, 37, 4, '2019-10-15 00:00:00', '2019-10-18 00:00:00', 343),
(18, 41, 6, '2019-10-28 00:00:00', '2019-10-31 00:00:00', 292),
(19, 43, 2, '2019-11-14 00:00:00', '2020-01-09 00:00:00', 138),
(20, 45, 6, '2020-01-09 00:00:00', '2019-11-08 00:00:00', 219),
(21, 15, 2, '2019-11-05 00:00:00', '2019-12-31 00:00:00', 545),
(22, 4, 1, '2020-01-26 00:00:00', '2019-12-23 00:00:00', 25),
(23, 8, 3, '2020-01-19 00:00:00', '2019-10-07 00:00:00', 550),
(24, 18, 6, '2019-12-06 00:00:00', '2020-01-18 00:00:00', 523),
(25, 50, 3, '2019-11-29 00:00:00', '2020-01-06 00:00:00', 806),
(26, 31, 1, '2020-01-24 00:00:00', '2019-10-30 00:00:00', 366),
(27, 32, 3, '2019-12-16 00:00:00', '2019-11-08 00:00:00', 544),
(28, 25, 1, '2019-11-29 00:00:00', '2019-12-26 00:00:00', 423),
(29, 17, 5, '2019-10-20 00:00:00', '2019-10-11 00:00:00', 41),
(30, 3, 5, '2019-12-31 00:00:00', '2019-12-11 00:00:00', 538),
(31, 3, 3, '2019-10-21 00:00:00', '2019-11-19 00:00:00', 609),
(32, 34, 1, '2019-10-10 00:00:00', '2019-11-16 00:00:00', 490),
(33, 34, 3, '2019-12-15 00:00:00', '2020-02-04 00:00:00', 531),
(34, 17, 6, '2019-11-29 00:00:00', '2019-11-29 00:00:00', 715),
(35, 42, 6, '2019-11-05 00:00:00', '2019-11-04 00:00:00', 447),
(36, 19, 5, '2020-01-16 00:00:00', '2019-12-31 00:00:00', 303),
(37, 26, 5, '2019-10-27 00:00:00', '2020-01-19 00:00:00', 366),
(38, 27, 1, '2020-02-08 00:00:00', '2020-01-24 00:00:00', 283),
(39, 12, 3, '2019-11-23 00:00:00', '2019-10-27 00:00:00', 323),
(40, 49, 3, '2019-12-02 00:00:00', '2019-11-15 00:00:00', 600),
(41, 42, 2, '2019-11-19 00:00:00', '2020-01-07 00:00:00', 66),
(42, 36, 6, '2019-12-02 00:00:00', '2019-12-09 00:00:00', 682),
(43, 27, 4, '2019-12-19 00:00:00', '2019-12-13 00:00:00', 699),
(44, 18, 5, '2019-11-10 00:00:00', '2020-01-09 00:00:00', 808),
(45, 25, 5, '2020-01-14 00:00:00', '2020-01-02 00:00:00', 864),
(46, 41, 3, '2019-12-29 00:00:00', '2019-11-14 00:00:00', 125),
(47, 42, 2, '2019-11-14 00:00:00', '2020-01-17 00:00:00', 338),
(48, 40, 5, '2019-11-24 00:00:00', '2020-02-09 00:00:00', 158),
(49, 48, 6, '2020-01-22 00:00:00', '2019-11-18 00:00:00', 95),
(50, 48, 2, '2019-12-27 00:00:00', '2020-01-18 00:00:00', 738),
(51, 30, 4, '2019-12-18 00:00:00', '2020-01-28 00:00:00', 476),
(52, 16, 3, '2019-11-13 00:00:00', '2019-11-02 00:00:00', 179),
(53, 50, 2, '2020-02-07 00:00:00', '2020-01-08 00:00:00', 636),
(54, 23, 3, '2020-02-08 00:00:00', '2020-02-05 00:00:00', 713),
(55, 11, 2, '2019-12-04 00:00:00', '2019-11-05 00:00:00', 37),
(56, 47, 3, '2020-01-25 00:00:00', '2020-01-10 00:00:00', 372),
(57, 12, 3, '2019-12-09 00:00:00', '2019-10-10 00:00:00', 199),
(58, 14, 6, '2019-12-18 00:00:00', '2019-10-19 00:00:00', 670),
(59, 4, 1, '2020-01-24 00:00:00', '2020-01-05 00:00:00', 461),
(60, 50, 6, '2020-02-04 00:00:00', '2020-01-05 00:00:00', 772),
(61, 16, 6, '2020-01-17 00:00:00', '2019-10-22 00:00:00', 220),
(62, 16, 1, '2020-01-27 00:00:00', '2019-12-05 00:00:00', 905),
(63, 16, 3, '2020-01-09 00:00:00', '2020-01-08 00:00:00', 953),
(64, 8, 3, '2020-01-21 00:00:00', '2020-01-02 00:00:00', 841),
(65, 35, 1, '2019-10-24 00:00:00', '2019-11-24 00:00:00', 458),
(66, 32, 1, '2019-10-23 00:00:00', '2020-01-05 00:00:00', 258),
(67, 30, 6, '2019-10-18 00:00:00', '2020-01-13 00:00:00', 56),
(68, 29, 3, '2019-10-23 00:00:00', '2019-11-20 00:00:00', 328),
(69, 8, 2, '2019-12-04 00:00:00', '2020-01-14 00:00:00', 47),
(70, 27, 6, '2019-12-04 00:00:00', '2019-12-05 00:00:00', 852),
(71, 12, 3, '2020-01-08 00:00:00', '2020-01-06 00:00:00', 184),
(72, 49, 2, '2019-11-25 00:00:00', '2019-12-09 00:00:00', 702),
(73, 6, 4, '2020-01-12 00:00:00', '2020-01-26 00:00:00', 757),
(74, 19, 1, '2019-11-10 00:00:00', '2020-02-01 00:00:00', 861),
(75, 43, 5, '2020-02-08 00:00:00', '2019-12-31 00:00:00', 932),
(76, 41, 5, '2020-02-03 00:00:00', '2019-10-25 00:00:00', 19),
(77, 19, 2, '2019-11-23 00:00:00', '2019-12-22 00:00:00', 351),
(78, 46, 6, '2020-01-26 00:00:00', '2019-11-17 00:00:00', 951),
(79, 46, 1, '2020-02-03 00:00:00', '2019-11-27 00:00:00', 233),
(80, 34, 4, '2020-01-07 00:00:00', '2020-02-02 00:00:00', 596),
(81, 47, 3, '2019-11-09 00:00:00', '2019-10-30 00:00:00', 938),
(82, 33, 5, '2020-01-11 00:00:00', '2020-01-15 00:00:00', 468),
(83, 20, 5, '2019-12-15 00:00:00', '2019-10-14 00:00:00', 53),
(84, 21, 3, '2020-01-13 00:00:00', '2019-11-25 00:00:00', 215),
(85, 24, 2, '2019-12-27 00:00:00', '2020-02-02 00:00:00', 813),
(86, 40, 6, '2020-02-12 00:00:00', '2019-11-17 00:00:00', 801),
(87, 34, 2, '2019-11-15 00:00:00', '2019-12-11 00:00:00', 48),
(88, 26, 1, '2019-12-11 00:00:00', '2019-11-09 00:00:00', 304),
(89, 33, 4, '2020-02-06 00:00:00', '2019-11-17 00:00:00', 334),
(90, 33, 2, '2020-02-11 00:00:00', '2019-12-04 00:00:00', 877),
(91, 18, 4, '2019-10-21 00:00:00', '2019-12-08 00:00:00', 331),
(92, 10, 3, '2019-12-17 00:00:00', '2020-02-01 00:00:00', 255),
(93, 8, 2, '2020-02-09 00:00:00', '2019-11-11 00:00:00', 952),
(94, 28, 2, '2019-12-14 00:00:00', '2019-12-09 00:00:00', 177),
(95, 10, 4, '2020-02-02 00:00:00', '2020-01-05 00:00:00', 777),
(96, 24, 5, '2019-11-30 00:00:00', '2020-01-28 00:00:00', 725),
(97, 17, 1, '2020-02-01 00:00:00', '2019-10-27 00:00:00', 569),
(98, 7, 5, '2020-02-06 00:00:00', '2019-11-28 00:00:00', 66),
(99, 45, 3, '2019-12-14 00:00:00', '2019-12-07 00:00:00', 730),
(100, 36, 5, '2019-12-04 00:00:00', '2019-12-02 00:00:00', 693),
(101, 6, 6, '2020-01-26 00:00:00', '2019-11-30 00:00:00', 845),
(102, 29, 3, '2020-01-07 00:00:00', '2020-02-11 00:00:00', 456),
(103, 10, 1, '2019-12-09 00:00:00', '2020-01-25 00:00:00', 264),
(104, 5, 1, '2020-01-16 00:00:00', '2020-01-22 00:00:00', 492),
(105, 12, 6, '2019-11-22 00:00:00', '2019-12-16 00:00:00', 336),
(106, 28, 1, '2019-12-31 00:00:00', '2019-10-26 00:00:00', 722),
(107, 17, 2, '2019-10-10 00:00:00', '2019-11-06 00:00:00', 494),
(108, 7, 3, '2019-10-15 00:00:00', '2019-11-16 00:00:00', 848),
(109, 38, 1, '2019-12-11 00:00:00', '2019-12-08 00:00:00', 615),
(110, 16, 4, '2020-01-16 00:00:00', '2020-01-18 00:00:00', 942),
(111, 25, 3, '2019-12-05 00:00:00', '2019-12-15 00:00:00', 547),
(112, 14, 2, '2020-01-25 00:00:00', '2019-10-26 00:00:00', 412),
(113, 31, 6, '2020-02-05 00:00:00', '2019-11-27 00:00:00', 471),
(114, 46, 3, '2020-02-09 00:00:00', '2020-01-16 00:00:00', 300),
(115, 21, 4, '2020-01-10 00:00:00', '2019-11-23 00:00:00', 301),
(116, 17, 1, '2020-01-08 00:00:00', '2019-10-07 00:00:00', 880),
(117, 24, 1, '2019-10-13 00:00:00', '2020-01-02 00:00:00', 17),
(118, 28, 3, '2019-12-04 00:00:00', '2019-11-11 00:00:00', 150),
(119, 22, 1, '2019-11-30 00:00:00', '2020-01-28 00:00:00', 684),
(120, 23, 1, '2020-01-29 00:00:00', '2019-12-10 00:00:00', 753),
(121, 4, 3, '2020-01-14 00:00:00', '2020-01-30 00:00:00', 779),
(122, 19, 4, '2020-02-10 00:00:00', '2020-02-11 00:00:00', 620),
(123, 5, 3, '2019-11-25 00:00:00', '2019-11-08 00:00:00', 86),
(124, 47, 6, '2019-12-31 00:00:00', '2019-12-09 00:00:00', 213),
(125, 39, 5, '2020-01-10 00:00:00', '2019-11-12 00:00:00', 172),
(126, 10, 1, '2019-12-23 00:00:00', '2019-10-19 00:00:00', 488),
(127, 35, 2, '2019-12-12 00:00:00', '2019-10-15 00:00:00', 831),
(128, 50, 3, '2020-01-19 00:00:00', '2019-10-17 00:00:00', 421),
(129, 43, 4, '2019-11-17 00:00:00', '2020-02-09 00:00:00', 422),
(130, 24, 1, '2019-10-10 00:00:00', '2019-11-27 00:00:00', 375),
(131, 4, 6, '2019-12-01 00:00:00', '2020-01-21 00:00:00', 187),
(132, 28, 6, '2020-01-21 00:00:00', '2019-11-08 00:00:00', 824),
(133, 36, 1, '2019-12-10 00:00:00', '2020-01-22 00:00:00', 122),
(134, 15, 2, '2019-10-05 00:00:00', '2019-12-10 00:00:00', 436),
(135, 11, 2, '2020-02-06 00:00:00', '2019-11-17 00:00:00', 950),
(136, 12, 2, '2020-02-08 00:00:00', '2020-01-08 00:00:00', 771),
(137, 25, 4, '2019-11-03 00:00:00', '2019-11-24 00:00:00', 314),
(138, 38, 5, '2020-01-07 00:00:00', '2020-01-23 00:00:00', 231),
(139, 24, 3, '2019-10-30 00:00:00', '2019-12-04 00:00:00', 946),
(140, 42, 5, '2020-02-06 00:00:00', '2019-10-27 00:00:00', 84),
(141, 32, 5, '2019-12-16 00:00:00', '2020-02-06 00:00:00', 165),
(142, 6, 5, '2019-11-29 00:00:00', '2020-01-17 00:00:00', 532),
(143, 30, 1, '2019-12-22 00:00:00', '2020-01-29 00:00:00', 714),
(144, 46, 5, '2019-10-07 00:00:00', '2019-12-07 00:00:00', 408),
(145, 3, 1, '2020-01-17 00:00:00', '2019-12-19 00:00:00', 575),
(146, 39, 6, '2020-01-18 00:00:00', '2019-10-15 00:00:00', 811),
(147, 16, 5, '2019-12-23 00:00:00', '2019-12-14 00:00:00', 673),
(148, 8, 2, '2019-10-13 00:00:00', '2020-02-05 00:00:00', 425),
(149, 33, 4, '2020-01-27 00:00:00', '2019-11-07 00:00:00', 163),
(150, 28, 4, '2020-01-09 00:00:00', '2020-01-03 00:00:00', 165),
(151, 13, 3, '2020-02-06 00:00:00', '2020-01-17 00:00:00', 657),
(152, 26, 3, '2020-01-19 00:00:00', '2019-11-03 00:00:00', 125),
(153, 32, 6, '2020-02-04 00:00:00', '2020-01-07 00:00:00', 499),
(154, 22, 3, '2019-12-02 00:00:00', '2020-01-27 00:00:00', 121),
(155, 47, 4, '2019-10-15 00:00:00', '2020-02-14 00:00:00', 406),
(156, 28, 1, '2020-01-23 00:00:00', '2019-10-07 00:00:00', 891),
(157, 30, 5, '2019-11-03 00:00:00', '2020-01-01 00:00:00', 843),
(158, 6, 2, '2019-12-29 00:00:00', '2019-11-11 00:00:00', 396),
(159, 43, 4, '2019-12-13 00:00:00', '2020-01-02 00:00:00', 531),
(160, 47, 3, '2019-10-19 00:00:00', '2020-01-25 00:00:00', 476),
(161, 24, 6, '2019-12-27 00:00:00', '2020-02-04 00:00:00', 940),
(162, 19, 5, '2020-01-14 00:00:00', '2019-10-14 00:00:00', 466),
(163, 9, 3, '2019-11-16 00:00:00', '2019-11-19 00:00:00', 862),
(164, 19, 6, '2019-11-13 00:00:00', '2019-11-04 00:00:00', 494),
(165, 9, 5, '2020-02-06 00:00:00', '2019-10-21 00:00:00', 18),
(166, 46, 6, '2019-12-27 00:00:00', '2020-01-05 00:00:00', 462),
(167, 33, 3, '2019-12-18 00:00:00', '2019-12-17 00:00:00', 624),
(168, 29, 5, '2019-12-01 00:00:00', '2019-11-05 00:00:00', 154),
(169, 44, 1, '2020-02-13 00:00:00', '2019-11-15 00:00:00', 503),
(170, 22, 6, '2019-10-23 00:00:00', '2019-12-13 00:00:00', 531),
(171, 7, 5, '2020-01-15 00:00:00', '2019-11-18 00:00:00', 603),
(172, 39, 4, '2019-10-12 00:00:00', '2019-12-19 00:00:00', 617),
(173, 7, 3, '2019-11-21 00:00:00', '2019-11-06 00:00:00', 620),
(174, 11, 5, '2019-12-17 00:00:00', '2019-10-10 00:00:00', 582),
(175, 47, 5, '2020-01-13 00:00:00', '2020-01-01 00:00:00', 286),
(176, 50, 2, '2019-10-07 00:00:00', '2020-01-23 00:00:00', 196),
(177, 15, 3, '2019-11-15 00:00:00', '2019-10-21 00:00:00', 218),
(178, 48, 2, '2019-10-13 00:00:00', '2019-12-03 00:00:00', 455),
(179, 37, 4, '2020-02-07 00:00:00', '2019-11-25 00:00:00', 803),
(180, 24, 6, '2020-01-27 00:00:00', '2019-10-17 00:00:00', 393),
(181, 12, 6, '2019-10-28 00:00:00', '2019-12-22 00:00:00', 444),
(182, 44, 6, '2020-01-03 00:00:00', '2019-11-04 00:00:00', 551),
(183, 41, 5, '2020-01-16 00:00:00', '2019-12-03 00:00:00', 633),
(184, 27, 3, '2019-11-30 00:00:00', '2019-11-13 00:00:00', 63),
(185, 2, 1, '2019-11-03 00:00:00', '2020-02-01 00:00:00', 635),
(186, 11, 3, '2020-02-05 00:00:00', '2019-10-25 00:00:00', 657),
(187, 8, 5, '2019-12-14 00:00:00', '2019-10-25 00:00:00', 100),
(188, 24, 3, '2019-12-30 00:00:00', '2019-12-15 00:00:00', 832),
(189, 17, 6, '2019-12-11 00:00:00', '2019-10-06 00:00:00', 538),
(190, 14, 2, '2019-11-26 00:00:00', '2019-12-08 00:00:00', 14),
(191, 4, 2, '2020-01-31 00:00:00', '2020-02-10 00:00:00', 375),
(192, 34, 2, '2020-02-09 00:00:00', '2019-10-29 00:00:00', 714),
(193, 41, 2, '2020-01-19 00:00:00', '2019-12-23 00:00:00', 321),
(194, 37, 1, '2019-10-26 00:00:00', '2019-12-17 00:00:00', 770),
(195, 16, 6, '2019-10-31 00:00:00', '2019-11-25 00:00:00', 764),
(196, 24, 5, '2019-11-10 00:00:00', '2020-02-06 00:00:00', 470),
(197, 8, 1, '2019-10-14 00:00:00', '2020-01-19 00:00:00', 277),
(198, 18, 1, '2019-11-24 00:00:00', '2019-10-16 00:00:00', 414),
(199, 24, 3, '2019-10-28 00:00:00', '2019-11-05 00:00:00', 803),
(200, 2, 5, '2020-01-28 00:00:00', '2020-02-03 00:00:00', 569),
(201, 52, 2, '2020-03-22 06:05:25', '2020-03-22 08:17:11', 30),
(202, 52, 2, '2020-03-22 11:46:56', '2020-03-22 11:49:01', 10),
(203, 52, 2, '2020-03-22 11:56:36', '2020-03-22 12:36:34', 10),
(204, 58, 6, '2020-03-22 17:13:23', '2020-03-22 17:14:37', 10),
(205, 58, 5, '2020-03-22 17:45:35', '2020-03-22 17:46:00', 10),
(206, 52, 5, '2020-03-23 13:40:49', '2020-03-23 13:41:45', 10),
(207, 60, 3, '2020-03-24 06:45:48', '2020-03-24 06:48:02', 10);

-- --------------------------------------------------------

--
-- Table structure for table `home_carousel`
--

CREATE TABLE `home_carousel` (
  `id` int NOT NULL,
  `path` varchar(45) NOT NULL
) ENGINE=InnoDB DEFAULT CHARSET=utf8mb4 COLLATE=utf8mb4_0900_ai_ci;

--
-- Dumping data for table `home_carousel`
--

INSERT INTO `home_carousel` (`id`, `path`) VALUES
(1, 'image_edit_02.jpg'),
(2, 'image_edit_01.jpg'),
(3, 'image_edit_03.jpg'),
(4, 'image_edit_04.jpg'),
(5, 'image_edit_05.jpg');

-- --------------------------------------------------------

--
-- Table structure for table `motor_brands`
--

CREATE TABLE `motor_brands` (
  `id` int NOT NULL,
  `brand` varchar(45) NOT NULL
) ENGINE=InnoDB DEFAULT CHARSET=utf8mb4 COLLATE=utf8mb4_0900_ai_ci;

--
-- Dumping data for table `motor_brands`
--

INSERT INTO `motor_brands` (`id`, `brand`) VALUES
(1, 'HONDA'),
(2, 'KAWASAKI'),
(3, 'YAMAHA'),
(4, 'SUZUKI'),
(5, 'TVS'),
(8, 'KAWAI');

-- --------------------------------------------------------

--
-- Table structure for table `motor_types`
--

CREATE TABLE `motor_types` (
  `id` int NOT NULL,
  `name` varchar(45) NOT NULL,
  `brand_id` varchar(45) NOT NULL
) ENGINE=InnoDB DEFAULT CHARSET=utf8mb4 COLLATE=utf8mb4_0900_ai_ci;

--
-- Dumping data for table `motor_types`
--

INSERT INTO `motor_types` (`id`, `name`, `brand_id`) VALUES
(1, 'Super Cub C125', '1'),
(2, 'Revo X', '1'),
(3, 'Supra X 125 FI', '1'),
(4, 'Supra GTR 150', '1'),
(5, 'Genio', '1'),
(6, 'BeAT', '1'),
(7, 'BeAT Street', '1'),
(8, 'Vario 125 eSP', '1'),
(9, 'Vario 150 eSP', '1'),
(10, 'Scoopy', '1'),
(11, 'PCX 150', '1'),
(12, 'ADV 150', '1'),
(13, 'PCX Hybrid', '1'),
(14, 'SH150i', '1'),
(15, 'Forza', '1'),
(16, 'CRF 150L', '1'),
(17, 'CBR150R', '1'),
(18, 'CB150R', '1'),
(19, 'Sonic 150R', '1'),
(20, 'CB150 Verza', '1'),
(21, 'CBR250RR', '1'),
(22, 'CRF250RALLY', '1'),
(23, 'Honda Monkey', '1'),
(24, 'Ninja 250SL', '2'),
(25, 'Ninja 250', '2'),
(26, 'Ninja ZX-6R', '2'),
(53, 'Ninja ZX-10R', '2'),
(54, 'Z125 PRO', '2'),
(55, 'Z900RS', '2'),
(56, 'Z900', '2'),
(57, 'D-TRACKER', '2'),
(58, 'D-TRACKER SE', '2'),
(59, 'S-TRACKER X', '2'),
(60, 'KSR PRO', '2'),
(61, 'VERSYS 650', '2'),
(62, 'VERSYS 1000', '2'),
(63, 'W175', '2'),
(64, 'W175TR', '2'),
(65, 'W175 CAFE', '2'),
(66, 'W250', '2'),
(67, 'W800 CAFE', '2'),
(68, 'VULCAN S', '2'),
(69, 'KLX150L', '2'),
(70, 'KLX150BF', '2'),
(71, 'KLX230', '2'),
(72, 'KLX250', '2'),
(73, 'KLX140', '2'),
(74, 'KLX150', '2'),
(75, 'KLX230R', '2'),
(76, 'KX65', '2'),
(77, 'KX85', '2'),
(78, 'KX250', '2'),
(79, 'FREGO S VERSION ABS', '3'),
(80, 'FREEGO S VERSION', '3'),
(81, 'FREEGO', '3'),
(82, 'MIO S SMART & SHOPHISTICATED', '3'),
(83, 'X-RIDE 125', '3'),
(84, 'MIO M3 125 AKS SSS', '3'),
(85, 'MIO M3 125', '3'),
(86, 'MIO Z', '3'),
(87, 'FINO GRANDE', '3'),
(88, 'FINO PREMIUM', '3'),
(89, 'FINO SPORTY', '3'),
(90, 'SOUL GT AKS SS', '3'),
(91, 'SOUL GT AKS', '3'),
(92, 'NMAX 155', '3'),
(93, 'LEXIS ABS', '3'),
(94, 'LEXI S', '3'),
(95, 'LEXI', '3'),
(96, 'XMAX', '3'),
(97, 'NMAX 155 ABS', '3'),
(98, 'AEROX 155A VVA S', '3'),
(99, 'AEROX 155 VVA R', '3'),
(100, 'AEROX 155 VVA', '3'),
(101, 'TMAX DX', '3'),
(102, 'XSR 155', '3'),
(103, 'MT-15', '3'),
(104, 'VIXION', '3'),
(105, 'XABRE', '3'),
(106, 'BYSON FI', '3'),
(107, 'MT-25', '3'),
(108, 'YZF R15', '3'),
(109, 'YZR R25', '3'),
(110, 'WR 155R', '3'),
(111, 'MX KING 150', '3'),
(112, 'GSX150 BANDIT', '4'),
(113, 'SATRIA F150', '4'),
(114, 'GSX-R150', '4'),
(115, 'GSX-S150', '4'),
(116, 'SMASH-FI', '4'),
(117, 'ADDRESS FI', '4'),
(118, 'NEX II', '4'),
(119, 'Apache 200', '5'),
(120, 'TVS Dazz F1', '5'),
(121, 'TVS Max', '5'),
(122, 'TVS Neo XR', '5'),
(123, 'TVS Max 125', '5'),
(124, 'TVS Rockz', '5'),
(125, 'NINJA', '2'),
(126, 'KYU', '8');

-- --------------------------------------------------------

--
-- Table structure for table `on_active`
--

CREATE TABLE `on_active` (
  `id` int NOT NULL,
  `user_id` int NOT NULL,
  `area_id` int NOT NULL,
  `enter_date` datetime NOT NULL DEFAULT CURRENT_TIMESTAMP,
  `status` int NOT NULL DEFAULT '0'
) ENGINE=InnoDB DEFAULT CHARSET=utf8mb4 COLLATE=utf8mb4_0900_ai_ci;

--
-- Dumping data for table `on_active`
--

INSERT INTO `on_active` (`id`, `user_id`, `area_id`, `enter_date`, `status`) VALUES
(1, 20, 2, '2020-01-31 00:00:00', 1),
(2, 25, 6, '2020-01-03 00:00:00', 1),
(3, 21, 6, '2020-01-31 00:00:00', 0),
(4, 20, 1, '2020-02-05 00:00:00', 1),
(5, 27, 1, '2019-12-07 00:00:00', 1),
(6, 9, 6, '2020-01-29 00:00:00', 0),
(7, 2, 5, '2020-01-27 00:00:00', 0),
(8, 28, 6, '2019-12-06 00:00:00', 1),
(9, 15, 5, '2019-10-31 00:00:00', 0),
(10, 45, 1, '2020-01-09 00:00:00', 0),
(11, 37, 1, '2020-02-01 00:00:00', 1),
(12, 5, 1, '2020-01-05 00:00:00', 1),
(13, 34, 5, '2019-12-29 00:00:00', 1),
(14, 47, 3, '2019-11-23 00:00:00', 1),
(15, 38, 2, '2019-12-16 00:00:00', 1),
(16, 27, 3, '2020-01-07 00:00:00', 1),
(17, 49, 6, '2019-10-30 00:00:00', 0),
(18, 2, 4, '2020-01-19 00:00:00', 0),
(19, 18, 3, '2019-11-26 00:00:00', 1),
(20, 23, 2, '2019-10-25 00:00:00', 1),
(21, 17, 3, '2019-12-25 00:00:00', 0),
(22, 9, 4, '2019-11-01 00:00:00', 1),
(23, 44, 1, '2019-12-01 00:00:00', 0),
(24, 38, 2, '2019-11-12 00:00:00', 0),
(25, 23, 3, '2019-11-07 00:00:00', 0),
(26, 36, 6, '2019-11-29 00:00:00', 0),
(27, 16, 4, '2020-02-06 00:00:00', 1),
(28, 17, 2, '2019-10-13 00:00:00', 1),
(29, 37, 6, '2019-11-17 00:00:00', 1),
(30, 2, 5, '2020-01-14 00:00:00', 0),
(31, 38, 4, '2019-12-27 00:00:00', 1),
(32, 32, 5, '2020-01-06 00:00:00', 1),
(33, 14, 4, '2019-10-23 00:00:00', 0),
(34, 36, 6, '2020-01-19 00:00:00', 1),
(35, 50, 4, '2019-12-01 00:00:00', 0),
(36, 43, 4, '2019-11-30 00:00:00', 1),
(37, 44, 4, '2019-12-29 00:00:00', 1),
(38, 31, 6, '2019-12-21 00:00:00', 0),
(39, 30, 3, '2019-11-27 00:00:00', 1),
(40, 35, 5, '2019-10-24 00:00:00', 1),
(41, 31, 4, '2019-10-18 00:00:00', 1),
(42, 22, 4, '2019-10-30 00:00:00', 1),
(43, 8, 6, '2020-01-12 00:00:00', 0),
(44, 41, 2, '2019-12-28 00:00:00', 0),
(45, 26, 6, '2020-01-02 00:00:00', 1),
(46, 29, 3, '2020-01-14 00:00:00', 1),
(47, 28, 3, '2020-01-06 00:00:00', 0),
(48, 31, 2, '2019-12-02 00:00:00', 1),
(49, 6, 5, '2019-12-28 00:00:00', 1),
(50, 31, 2, '2020-02-10 00:00:00', 1),
(51, 41, 1, '2020-01-08 00:00:00', 0),
(52, 48, 6, '2020-02-08 00:00:00', 0),
(53, 27, 4, '2019-11-07 00:00:00', 1),
(54, 6, 3, '2020-02-13 00:00:00', 0),
(55, 37, 6, '2020-01-30 00:00:00', 1),
(56, 20, 3, '2020-01-23 00:00:00', 0),
(57, 46, 3, '2019-11-28 00:00:00', 1),
(58, 18, 6, '2019-11-06 00:00:00', 0),
(59, 28, 6, '2020-01-23 00:00:00', 1),
(60, 29, 1, '2019-11-24 00:00:00', 1),
(61, 40, 4, '2019-12-06 00:00:00', 0),
(62, 25, 4, '2019-12-08 00:00:00', 0),
(63, 6, 2, '2019-12-13 00:00:00', 0),
(64, 22, 4, '2019-11-25 00:00:00', 0),
(65, 36, 4, '2019-11-22 00:00:00', 0),
(66, 20, 6, '2020-02-06 00:00:00', 0),
(67, 45, 6, '2019-12-09 00:00:00', 1),
(68, 18, 5, '2019-12-27 00:00:00', 0),
(69, 44, 2, '2020-01-19 00:00:00', 0),
(70, 28, 2, '2020-02-14 00:00:00', 1),
(71, 39, 6, '2019-11-10 00:00:00', 1),
(72, 38, 5, '2019-11-15 00:00:00', 0),
(73, 38, 1, '2019-10-29 00:00:00', 1),
(74, 23, 3, '2019-11-23 00:00:00', 1),
(75, 20, 5, '2019-12-30 00:00:00', 1),
(76, 26, 3, '2019-12-09 00:00:00', 1),
(77, 32, 4, '2020-02-01 00:00:00', 0),
(78, 48, 6, '2019-12-15 00:00:00', 0),
(79, 35, 1, '2020-01-12 00:00:00', 0),
(80, 25, 5, '2019-10-10 00:00:00', 1),
(81, 34, 6, '2019-10-12 00:00:00', 1),
(82, 24, 1, '2019-10-19 00:00:00', 1),
(83, 46, 6, '2020-01-28 00:00:00', 0),
(84, 34, 1, '2019-10-21 00:00:00', 0),
(85, 31, 1, '2019-10-11 00:00:00', 0),
(86, 32, 6, '2019-11-28 00:00:00', 1),
(87, 10, 5, '2019-11-20 00:00:00', 0),
(88, 27, 4, '2020-01-30 00:00:00', 1),
(89, 14, 6, '2019-12-03 00:00:00', 1),
(90, 45, 2, '2019-11-14 00:00:00', 1),
(91, 23, 2, '2019-11-03 00:00:00', 0),
(92, 36, 2, '2019-12-11 00:00:00', 1),
(93, 14, 1, '2019-11-29 00:00:00', 0),
(94, 26, 4, '2020-01-16 00:00:00', 0),
(95, 6, 1, '2020-01-05 00:00:00', 1),
(96, 36, 5, '2019-12-16 00:00:00', 0),
(97, 8, 6, '2020-01-12 00:00:00', 0),
(98, 13, 6, '2019-12-02 00:00:00', 0),
(99, 21, 5, '2019-12-27 00:00:00', 0),
(100, 32, 4, '2019-12-06 00:00:00', 1),
(101, 52, 2, '2020-03-22 06:05:25', 1),
(102, 52, 2, '2020-03-22 11:46:56', 1),
(103, 52, 2, '2020-03-22 11:50:39', 0),
(104, 52, 2, '2020-03-22 11:56:36', 1),
(105, 58, 6, '2020-03-22 17:13:23', 1),
(106, 58, 5, '2020-03-22 17:45:35', 1),
(107, 52, 5, '2020-03-23 13:40:49', 1),
(108, 60, 3, '2020-03-24 06:45:48', 1);

-- --------------------------------------------------------

--
-- Table structure for table `parking_area`
--

CREATE TABLE `parking_area` (
  `id` int NOT NULL,
  `company_id` int NOT NULL,
  `image` varchar(45) DEFAULT NULL,
  `address` varchar(256) NOT NULL,
  `city` varchar(45) NOT NULL,
  `province` varchar(45) NOT NULL,
  `car_cost` int NOT NULL,
  `motor_cost` int NOT NULL,
  `car_slot` int NOT NULL,
  `motor_slot` int NOT NULL,
  `place_name` varchar(45) NOT NULL,
  `coordinates` json DEFAULT NULL,
  `direction` varchar(256) DEFAULT NULL
) ENGINE=InnoDB DEFAULT CHARSET=utf8mb4 COLLATE=utf8mb4_0900_ai_ci;

--
-- Dumping data for table `parking_area`
--

INSERT INTO `parking_area` (`id`, `company_id`, `image`, `address`, `city`, `province`, `car_cost`, `motor_cost`, `car_slot`, `motor_slot`, `place_name`, `coordinates`, `direction`) VALUES
(1, 2, 'areas/IMG-1584943059903.jpg', 'Jl. BSD Raya Utama, Pagedangan, Kec. Pagedangan', 'Tanggerang Selatan', 'Banten', 350, 250, 150, 210, 'AEON Mall BSD', '{\"latitude\": -6.302018, \"longitude\": 106.646241}', 'ÆON+Mall,+Jalan+BSD+Raya+Utama,+Pagedangan,+Tangerang,+Banten/@-6.3072943,106.6513703,15z/data=!3m1!4b1!4m9!4m8!1m1!4e1!1m5!1m1!1s0x2e69faad1d959e1f:0xa02052b7ba6ab859!2m2!1d106.6434096!2d-6.3045632'),
(2, 3, NULL, 'Jalan Pahlawan Seribu, Lengkong Wetan, Serpong', 'Tangerang Selatan', 'Banten', 300, 280, 135, 200, 'ITC BSD', '{\"latitude\": -6.288359, \"longitude\": 106.662625}', 'ITC+BSD,+Jalan+Pahlawan+Seribu,+Lengkong+Wetan,+South+Tangerang+City,+Banten/@-6.3002114,106.6619714,15z/data=!3m1!4b1!4m9!4m8!1m1!4e1!1m5!1m1!1s0x2e69fb24bf110511:0x7e01add1f1c13d19!2m2!1d106.6646119!2d-6.2863499'),
(3, 4, NULL, 'Jalan Pahlawan Seribu CBD Lot VII B, Lengkong Gudang, Serpong', 'Tangerang Selatan', 'Banten', 365, 300, 115, 195, 'Teras Kota Mall', '{\"latitude\": -6.298531, \"longitude\": 106.668144}', 'Teras+Kota+Bsd,+Lengkong+Gudang,+South+Tangerang+City,+Banten/@-6.3004752,106.6622958,15z/data=!3m1!4b1!4m9!4m8!1m1!4e1!1m5!1m1!1s0x2e69fb1e95e9343b:0xf957ae14d3b5f028!2m2!1d106.6667861!2d-6.29507'),
(4, 5, NULL, 'Jalan Jend. Sudirman No. 1 Cikokol, RT.001/RW.005, Babakan', 'Tangerang', 'Banten', 333, 256, 213, 155, 'Tang City Mall', '{\"latitude\": -6.195593, \"longitude\": 106.636404}', 'Tangcity+Mall,+RT.001%2FRW.005,+Babakan,+Tangerang+City,+Banten/@-6.254148,106.628855,13z/data=!3m1!4b1!4m9!4m8!1m1!4e1!1m5!1m1!1s0x2e69f9323d768af1:0x8d1cab190d19cf4f!2m2!1d106.6341465!2d-6.1939091'),
(5, 6, NULL, 'Gading Serpong, Sentra, Jl. Boulevard Raya Gading Serpong', 'Tanggerang Selatan', 'Banten', 315, 200, 400, 211, 'Summarecon Mall Serpong', '{\"latitude\": -6.241113, \"longitude\": 106.628494}', 'Summarecon+Mall+Serpong,+Jalan+Boulevard+Raya+Gading+Serpong,+Kelapa+Dua,+Tangerang,+Banten/@-6.2714805,106.6137334,13z/data=!3m1!4b1!4m9!4m8!1m1!4e1!1m5!1m1!1s0x2e69fc0a0f186afd:0x355ee4742c69b52c!2m2!1d106.6284966!2d-6.2411133'),
(6, 7, NULL, 'Green Office Park 9, Sampora, Cisauk', 'BSD', 'Banten', 333, 210, 121, 191, 'BSD Green Office Park 9', '{\"latitude\": -6.303484, \"longitude\": 106.650735}', 'BSD+Green+Office+Park+6,+Sampora,+Tangerang,+Banten/@-6.3093886,106.6539678,15z/data=!3m1!4b1!4m9!4m8!1m1!4e1!1m5!1m1!1s0x2e69fb4a1a899447:0xcbbbc474f91f780f!2m2!1d106.6509209!2d-6.3038539'),
(7, 1, 'areas/IMG-1584554592330.jpg', 'Jl. Kapten Soebijanto Djojohadikusumo, Lengkong Gudang', 'BSD', 'Banten', 312, 245, 132, 233, 'Giant BSD', '{\"latitude\": -6.2986, \"longitude\": 106.6663}', 'Giant+BSD+Tangerang,+Jalan+Kapten+Soebijanto+Djojohadikusumo,+Lengkong+Gudang,+South+Tangerang+City,+Banten/@-6.3062659,106.6672068,16z/data=!3m1!4b1!4m9!4m8!1m1!4e1!1m5!1m1!1s0x2e69fb2b57bc2fc9:0x4eeb05e707c02f89!2m2!1d106.6663278!2d-6.2986049'),
(8, 1, 'areas/IMG-1584537693384.jpg', 'BSD Green Office Park, Jl. BSD Grand Boulevard', 'BSD', 'Banten', 45, 123, 212, 131, 'The Breeze BSD City', '{\"latitude\": -6.3014, \"longitude\": 106.6533}', 'The+Breeze+BSD+City,+Jalan+BSD+Grand+Boulevard,+Sampora,+Tangerang,+Banten/@-6.3066014,106.6596178,16z/data=!3m1!4b1!4m10!4m9!1m1!4e1!1m5!1m1!1s0x2e69fb03fd576c99:0xf5e7f5736ced52fa!2m2!1d106.6532993!2d-6.3013927!3e0'),
(9, 1, NULL, 'Green Office Park 1 (GOP 1)', 'BSD', 'Banten', 123, 321, 123, 33, 'SIRCLO BSD Office', '{\"latitude\": -6.3017, \"longitude\": 106.6505}', 'SIRCLO+BSD+Office,+Jalan+BSD+Green+Office+Park,+Sampora,+Tangerang,+Banten/@-6.3072943,106.6538371,15z/data=!3m1!4b1!4m10!4m9!1m1!4e1!1m5!1m1!1s0x2e69f67bc0ba4209:0x8bebbda70c679c97!2m2!1d106.6504996!2d-6.3017155!3e0'),
(10, 1, NULL, 'Jl. BSD Green Office Park Jl. BSD Grand Boulevard', 'BSD', 'Banten', 233, 321, 23, 25, 'Sinar Mas Land Plaza BSD City', '{\"latitude\": -6.3014, \"longitude\": 106.6514}', 'Sinar+Mas+Land+Plaza+BSD+City,+Jalan+BSD+Green+Office+Park+Jalan+BSD+Grand+Boulevard,+Sampora,+Tangerang,+Banten/@-6.3072943,106.6538371,15z/data=!3m1!4b1!4m10!4m9!1m1!4e1!1m5!1m1!1s0x2e69fb323e588cc3:0xfd70a4bd249b08c3!2m2!1d106.6513735!2d-6.3013908!3e0'),
(11, 1, 'areas/IMG-1584536732506.jpeg', 'Jl. Grand Boulevard BSD City, Sampora', 'BSD', 'Banten', 321, 300, 43, 69, 'Ranch Market', '{\"latitude\": -6.302156, \"longitude\": 106.653171}', 'Ranch+Market,+Sampora,+South+Tangerang+City,+Banten/@-6.3072943,106.6538371,15z/data=!3m1!4b1!4m10!4m9!1m1!4e1!1m5!1m1!1s0x2e69fb3581a62a3f:0x8bb566b52a1c2f49!2m2!1d106.6531803!2d-6.3022446!3e0');

-- --------------------------------------------------------

--
-- Table structure for table `partners`
--

CREATE TABLE `partners` (
  `id` int NOT NULL,
  `company` varchar(45) NOT NULL,
  `email` varchar(45) NOT NULL,
  `phone` varchar(45) NOT NULL,
  `user_id` int NOT NULL
) ENGINE=InnoDB DEFAULT CHARSET=utf8mb4 COLLATE=utf8mb4_0900_ai_ci;

--
-- Dumping data for table `partners`
--

INSERT INTO `partners` (`id`, `company`, `email`, `phone`, `user_id`) VALUES
(1, 'parking_app', 'parking_app@gmail.com', '+6285946646906', 1),
(2, 'Aeon Ceria', 'aeonceria@gmail.com', '(021) 36479', 52),
(3, 'itc elektronik', 'itcbsd@gmail.com', '+6221 53152500', 2),
(4, 'teras kota corp', 'teraskota@gmail.com', '+6221 29915758', 3),
(5, 'tang city corp', 'tangcitymall@gmail.com', '(021) 55733333', 7),
(6, 'Summarecon ', 'summarecon@gmail.com', '(021) 5460888', 5),
(7, 'sinarmas corp', 'sinarmas@gmail.com', '+62 21 502 88869', 6);

-- --------------------------------------------------------

--
-- Table structure for table `profiles`
--

CREATE TABLE `profiles` (
  `id` int NOT NULL,
  `name` varchar(45) NOT NULL,
  `image` varchar(45) DEFAULT NULL,
  `birthdate` date DEFAULT NULL,
  `phone` varchar(45) DEFAULT NULL,
  `address` varchar(45) DEFAULT NULL
) ENGINE=InnoDB DEFAULT CHARSET=utf8mb4 COLLATE=utf8mb4_0900_ai_ci;

--
-- Dumping data for table `profiles`
--

INSERT INTO `profiles` (`id`, `name`, `image`, `birthdate`, `phone`, `address`) VALUES
(1, 'ali muksin', 'profiles/IMG-1584002722943.png', '1994-10-05', '6285722286947', 'Jl. Siliwangi Dalam 3 No 3'),
(2, 'Hamish', 'profiles/IMG-1584834996238.jpg', '1988-12-09', '62 64 642 4956', 'South Kalimantan'),
(3, 'Abigail', NULL, '1995-08-13', '62 99 566 8750', 'Jambi'),
(4, 'Kevyn', NULL, '1996-09-28', '62 42 552 0085', 'Central Java'),
(5, 'Pandora', NULL, '1982-07-26', '62 75 465 5190', 'East Java'),
(6, 'Valentine', NULL, '1989-09-25', '62 22 229 2385', 'West Nusa Tenggara'),
(7, 'joki', NULL, '1995-01-08', '62 95 229 3783', 'West Java'),
(8, 'Calista', NULL, '1996-05-28', '62 92 386 6718', 'East Nusa Tenggara'),
(9, 'Rebekah', NULL, '1992-04-15', '62 40 031 2052', 'Special Capital Region of Jakarta'),
(10, 'Hedley', NULL, '1992-11-03', '62 64 633 1612', 'Special Capital Region of Jakarta'),
(11, 'Autumn', NULL, '1995-01-13', '62 20 941 2318', 'East Java'),
(12, 'Henry', NULL, '1990-07-04', '62 37 925 7035', 'Bali'),
(13, 'Basil', NULL, '1993-04-24', '62 89 785 2073', 'Lampung'),
(14, 'Jael', NULL, '1986-07-03', '62 85 691 0964', 'Central Java'),
(15, 'Emily', NULL, '1984-08-10', '62 72 751 6044', 'West Java'),
(16, 'Tara', NULL, '1986-09-01', '62 92 564 5872', 'East Java'),
(17, 'Ivan', NULL, '1996-01-06', '62 23 230 1391', 'Lampung'),
(18, 'Tatiana', NULL, '1995-11-20', '62 79 888 4251', 'Banten'),
(19, 'Moses', NULL, '1985-08-28', '62 93 958 3465', 'Banten'),
(20, 'Travis', NULL, '1994-12-20', '62 34 040 5867', 'East Kalimantan'),
(21, 'Alfreda', NULL, '1984-02-12', '62 42 130 5040', 'Banten'),
(22, 'Lilah', NULL, '1983-03-09', '62 94 554 6473', 'East Java'),
(23, 'Kenneth', NULL, '1999-06-23', '62 95 807 2928', 'North Sumatra'),
(24, 'Eliana', NULL, '1984-12-21', '62 11 928 3174', 'Central Java'),
(25, 'Colt', NULL, '1991-12-18', '62 60 642 2491', 'East Java'),
(26, 'Dai', NULL, '1991-04-26', '62 44 776 4285', 'South Sulawesi'),
(27, 'Flavia', NULL, '1997-11-28', '62 37 097 6294', 'Special Capital Region of Jakarta'),
(28, 'Joel', NULL, '1991-03-07', '62 72 934 3491', 'West Java'),
(29, 'Oscar', NULL, '1983-09-30', '62 49 760 2537', 'Southeast Sulawesi'),
(30, 'Kai', NULL, '1986-10-10', '62 77 314 6569', 'Banten'),
(31, 'Rashad', NULL, '1986-12-04', '62 50 356 0373', 'Central Java'),
(32, 'Tyler', NULL, '1991-03-05', '62 89 095 8311', 'East Kalimantan'),
(33, 'Tanya', NULL, '1994-03-09', '62 57 341 4327', 'Central Java'),
(34, 'Cole', NULL, '1987-09-24', '62 70 819 6246', 'East Java'),
(35, 'Christopher', NULL, '1987-04-23', '62 26 974 3860', 'Special Region of Yogyakarta'),
(36, 'Allen', NULL, '1994-01-14', '62 35 250 5601', 'Central Java'),
(37, 'Galvin', NULL, '1983-02-09', '62 73 025 2363', 'West Java'),
(38, 'Hammett', NULL, '1989-12-07', '62 84 800 0347', 'Riau'),
(39, 'Cassady', NULL, '1988-06-27', '62 49 495 4607', 'North Maluku'),
(40, 'Bo', NULL, '1982-05-05', '62 78 030 7695', 'West Nusa Tenggara'),
(41, 'Leah', NULL, '1992-11-22', '62 48 418 5204', 'Banten'),
(42, 'Blaze', NULL, '1983-06-16', '62 62 255 3419', 'Bengkulu'),
(43, 'Aileen', NULL, '1983-03-25', '62 51 713 6764', 'West Nusa Tenggara'),
(44, 'Zachery', NULL, '1984-09-21', '62 13 584 3302', 'Special Capital Region of Jakarta'),
(45, 'Colby', NULL, '1993-12-14', '62 97 460 5574', 'Banten'),
(46, 'Ori', NULL, '1999-10-30', '62 80 511 8662', 'West Sumatra'),
(47, 'Haviva', NULL, '1986-01-24', '62 81 622 4115', 'Lampung'),
(48, 'Myra', NULL, '1993-10-01', '62 19 210 9050', 'East Java'),
(49, 'Kane', NULL, '1986-12-18', '62 47 820 9983', 'West Sumatra'),
(50, 'Giselle', NULL, '1998-07-08', '62 45 761 8765', 'Special Capital Region of Jakarta'),
(51, 'san andreas', NULL, NULL, NULL, NULL),
(52, 'Alpha', 'profiles/IMG-1584947829413.jpg', '1994-10-05', '+6285946646906', 'Serpong'),
(53, 'test', NULL, NULL, NULL, NULL),
(54, 'alee0510', NULL, NULL, NULL, NULL),
(55, 'Alpha', NULL, NULL, NULL, NULL),
(56, 'lolllian', NULL, NULL, NULL, NULL),
(57, 'test', NULL, NULL, NULL, NULL),
(58, 'Alpha', 'profiles/IMG-1584902486268.jpg', '1990-03-21', '+6285946646906', 'BSD'),
(59, 'Aleandre', NULL, '1991-03-21', '+6285946646906', 'Serponh'),
(60, 'lollinetNew', 'profiles/IMG-1585031726887.jpg', '1994-10-06', '+6285946646906', 'BSD');

-- --------------------------------------------------------

--
-- Table structure for table `ratings`
--

CREATE TABLE `ratings` (
  `id` int NOT NULL,
  `user_id` int NOT NULL,
  `rating` int NOT NULL DEFAULT '0',
  `message` varchar(45) DEFAULT NULL,
  `date` datetime NOT NULL DEFAULT CURRENT_TIMESTAMP,
  `area_id` int NOT NULL
) ENGINE=InnoDB DEFAULT CHARSET=utf8mb4 COLLATE=utf8mb4_0900_ai_ci;

--
-- Dumping data for table `ratings`
--

INSERT INTO `ratings` (`id`, `user_id`, `rating`, `message`, `date`, `area_id`) VALUES
(1, 40, 0, 'Lorem ipsum dolor sit amet,', '2020-01-24 00:00:00', 4),
(2, 21, 4, 'Lorem ipsum', '2019-12-20 00:00:00', 6),
(3, 27, 1, 'Lorem ipsum dolor', '2019-12-25 00:00:00', 1),
(4, 22, 3, 'Lorem ipsum', '2019-12-01 00:00:00', 2),
(5, 9, 3, 'Lorem ipsum', '2019-11-24 00:00:00', 5),
(6, 25, 4, 'Lorem ipsum dolor', '2020-01-27 00:00:00', 6),
(7, 14, 5, 'Lorem ipsum dolor', '2020-01-20 00:00:00', 5),
(8, 19, 0, 'Lorem', '2020-02-11 00:00:00', 2),
(9, 41, 3, 'Lorem', '2019-10-19 00:00:00', 5),
(10, 18, 3, 'Lorem ipsum dolor sit amet,', '2020-01-17 00:00:00', 4),
(11, 17, 4, 'Lorem ipsum dolor', '2019-10-23 00:00:00', 4),
(12, 28, 3, 'Lorem ipsum', '2019-12-02 00:00:00', 1),
(13, 14, 4, 'Lorem ipsum dolor', '2020-01-07 00:00:00', 4),
(14, 8, 4, 'Lorem ipsum dolor sit', '2020-01-29 00:00:00', 6),
(15, 10, 5, 'Lorem', '2020-01-30 00:00:00', 1),
(16, 38, 5, 'Lorem ipsum dolor sit', '2019-11-12 00:00:00', 5),
(17, 11, 5, 'Lorem ipsum dolor sit amet,', '2019-10-11 00:00:00', 4),
(18, 32, 5, 'Lorem ipsum dolor sit', '2019-10-14 00:00:00', 3),
(19, 30, 4, 'Lorem ipsum dolor sit', '2019-10-21 00:00:00', 1),
(20, 33, 4, 'Lorem ipsum', '2019-11-17 00:00:00', 4),
(21, 11, 0, 'Lorem', '2019-10-17 00:00:00', 4),
(22, 32, 4, 'Lorem ipsum', '2019-11-22 00:00:00', 6),
(23, 29, 0, 'Lorem ipsum dolor sit', '2020-01-29 00:00:00', 5),
(24, 42, 4, 'Lorem', '2019-10-19 00:00:00', 1),
(25, 20, 4, 'Lorem', '2019-11-21 00:00:00', 5),
(26, 18, 2, 'Lorem ipsum dolor', '2019-10-20 00:00:00', 4),
(27, 10, 4, 'Lorem ipsum dolor sit amet,', '2019-12-17 00:00:00', 3),
(28, 17, 4, 'Lorem ipsum dolor sit amet,', '2020-01-02 00:00:00', 5),
(29, 30, 4, 'Lorem ipsum dolor sit', '2019-12-13 00:00:00', 1),
(30, 6, 2, 'Lorem ipsum dolor sit', '2019-11-21 00:00:00', 4),
(31, 10, 5, 'Lorem ipsum dolor', '2019-10-05 00:00:00', 3),
(32, 37, 1, 'Lorem ipsum dolor', '2020-01-16 00:00:00', 6),
(33, 33, 3, 'Lorem ipsum dolor', '2020-01-17 00:00:00', 1),
(34, 2, 4, 'Lorem ipsum', '2020-02-05 00:00:00', 1),
(35, 27, 3, 'Lorem ipsum', '2020-02-09 00:00:00', 1),
(36, 14, 1, 'Lorem ipsum', '2020-02-08 00:00:00', 6),
(37, 39, 4, 'Lorem ipsum dolor sit amet,', '2020-01-02 00:00:00', 3),
(38, 43, 4, 'Lorem ipsum dolor sit', '2020-02-06 00:00:00', 4),
(39, 49, 0, 'Lorem', '2020-02-08 00:00:00', 2),
(40, 14, 5, 'Lorem ipsum', '2020-02-06 00:00:00', 1),
(41, 6, 0, 'Lorem ipsum', '2019-10-14 00:00:00', 6),
(42, 25, 0, 'Lorem ipsum dolor sit', '2019-11-11 00:00:00', 1),
(43, 16, 1, 'Lorem ipsum dolor sit', '2020-02-06 00:00:00', 2),
(44, 46, 1, 'Lorem ipsum dolor sit amet,', '2020-02-07 00:00:00', 5),
(45, 3, 1, 'Lorem ipsum', '2019-11-30 00:00:00', 2),
(46, 35, 1, 'Lorem ipsum dolor', '2020-02-10 00:00:00', 1),
(47, 9, 3, 'Lorem ipsum dolor sit', '2019-12-09 00:00:00', 3),
(48, 9, 3, 'Lorem', '2019-12-11 00:00:00', 6),
(49, 16, 1, 'Lorem ipsum', '2019-12-11 00:00:00', 5),
(50, 47, 0, 'Lorem ipsum dolor sit', '2019-10-09 00:00:00', 2),
(51, 9, 5, 'Lorem', '2019-11-24 00:00:00', 3),
(52, 2, 0, 'Lorem ipsum dolor', '2019-11-25 00:00:00', 3),
(53, 26, 1, 'Lorem ipsum dolor', '2019-12-03 00:00:00', 1),
(54, 9, 4, 'Lorem ipsum dolor', '2019-12-19 00:00:00', 2),
(55, 47, 4, 'Lorem ipsum dolor sit', '2020-02-13 00:00:00', 6),
(56, 44, 2, 'Lorem ipsum dolor sit', '2019-10-25 00:00:00', 4),
(57, 28, 2, 'Lorem', '2019-12-22 00:00:00', 3),
(58, 15, 2, 'Lorem ipsum dolor sit amet,', '2019-12-26 00:00:00', 1),
(59, 7, 4, 'Lorem ipsum', '2020-01-08 00:00:00', 1),
(60, 15, 0, 'Lorem', '2020-02-12 00:00:00', 3),
(61, 7, 2, 'Lorem ipsum dolor sit', '2020-02-09 00:00:00', 3),
(62, 41, 3, 'Lorem ipsum dolor sit', '2019-11-25 00:00:00', 4),
(63, 37, 5, 'Lorem ipsum dolor sit', '2019-10-18 00:00:00', 5),
(64, 28, 1, 'Lorem ipsum dolor sit', '2020-02-09 00:00:00', 4),
(65, 25, 5, 'Lorem ipsum dolor', '2020-02-08 00:00:00', 1),
(66, 6, 0, 'Lorem', '2019-11-28 00:00:00', 6),
(67, 4, 1, 'Lorem', '2019-11-26 00:00:00', 1),
(68, 35, 5, 'Lorem ipsum dolor sit', '2019-10-17 00:00:00', 1),
(69, 5, 1, 'Lorem ipsum dolor sit', '2019-10-09 00:00:00', 2),
(70, 23, 4, 'Lorem', '2019-11-07 00:00:00', 2),
(71, 48, 4, 'Lorem', '2019-11-19 00:00:00', 6),
(72, 36, 0, 'Lorem ipsum dolor sit amet,', '2019-10-05 00:00:00', 2),
(73, 23, 1, 'Lorem ipsum dolor sit', '2020-01-24 00:00:00', 1),
(74, 38, 0, 'Lorem ipsum dolor sit', '2019-12-15 00:00:00', 4),
(75, 3, 3, 'Lorem ipsum dolor sit', '2020-02-07 00:00:00', 4),
(76, 16, 3, 'Lorem ipsum', '2019-12-05 00:00:00', 6),
(77, 10, 5, 'Lorem ipsum', '2019-10-20 00:00:00', 1),
(78, 37, 5, 'Lorem ipsum dolor sit', '2019-10-19 00:00:00', 4),
(79, 25, 0, 'Lorem', '2019-12-18 00:00:00', 1),
(80, 48, 0, 'Lorem ipsum dolor', '2020-01-01 00:00:00', 1),
(81, 26, 4, 'Lorem ipsum', '2020-02-10 00:00:00', 5),
(82, 30, 1, 'Lorem ipsum dolor sit amet,', '2019-12-25 00:00:00', 2),
(83, 18, 0, 'Lorem ipsum dolor', '2020-02-04 00:00:00', 1),
(84, 4, 3, 'Lorem ipsum dolor sit', '2019-12-28 00:00:00', 5),
(85, 7, 3, 'Lorem ipsum dolor sit', '2019-12-19 00:00:00', 1),
(86, 21, 3, 'Lorem ipsum dolor sit amet,', '2020-01-18 00:00:00', 5),
(87, 2, 2, 'Lorem ipsum dolor', '2020-01-13 00:00:00', 2),
(88, 32, 0, 'Lorem ipsum dolor sit', '2020-01-05 00:00:00', 5),
(89, 34, 0, 'Lorem ipsum', '2020-01-06 00:00:00', 1),
(90, 22, 0, 'Lorem ipsum dolor sit amet,', '2019-11-27 00:00:00', 3),
(91, 22, 1, 'Lorem', '2019-12-14 00:00:00', 1),
(92, 49, 4, 'Lorem ipsum dolor sit amet,', '2020-01-06 00:00:00', 4),
(93, 18, 2, 'Lorem ipsum dolor sit amet,', '2020-01-03 00:00:00', 3),
(94, 41, 5, 'Lorem ipsum dolor sit amet,', '2020-02-01 00:00:00', 1),
(95, 46, 0, 'Lorem ipsum dolor', '2019-10-30 00:00:00', 5),
(96, 41, 1, 'Lorem ipsum dolor', '2019-10-16 00:00:00', 3),
(97, 29, 0, 'Lorem ipsum dolor', '2020-01-29 00:00:00', 5),
(98, 5, 5, 'Lorem ipsum dolor sit', '2019-12-15 00:00:00', 2),
(99, 37, 5, 'Lorem', '2019-11-23 00:00:00', 1),
(100, 19, 1, 'Lorem', '2019-10-15 00:00:00', 2),
(101, 30, 0, 'Lorem ipsum', '2020-01-20 00:00:00', 6),
(102, 24, 2, 'Lorem', '2019-10-16 00:00:00', 5),
(103, 10, 2, 'Lorem ipsum dolor sit amet,', '2019-11-18 00:00:00', 3),
(104, 44, 5, 'Lorem ipsum dolor sit', '2019-11-15 00:00:00', 2),
(105, 47, 5, 'Lorem ipsum', '2020-01-05 00:00:00', 2),
(106, 42, 0, 'Lorem ipsum', '2019-11-05 00:00:00', 5),
(107, 43, 2, 'Lorem ipsum dolor sit amet,', '2020-02-13 00:00:00', 3),
(108, 13, 3, 'Lorem', '2019-10-17 00:00:00', 5),
(109, 10, 4, 'Lorem ipsum dolor', '2019-10-23 00:00:00', 3),
(110, 18, 2, 'Lorem ipsum dolor sit', '2019-10-24 00:00:00', 1),
(111, 17, 5, 'Lorem ipsum dolor sit', '2019-10-11 00:00:00', 2),
(112, 35, 2, 'Lorem ipsum dolor', '2020-01-10 00:00:00', 1),
(113, 18, 4, 'Lorem ipsum dolor sit amet,', '2020-02-11 00:00:00', 2),
(114, 3, 1, 'Lorem ipsum', '2020-01-18 00:00:00', 6),
(115, 42, 0, 'Lorem ipsum', '2019-11-29 00:00:00', 3),
(116, 18, 0, 'Lorem', '2019-12-20 00:00:00', 1),
(117, 34, 3, 'Lorem ipsum dolor', '2019-12-16 00:00:00', 5),
(118, 29, 4, 'Lorem ipsum dolor sit', '2020-01-26 00:00:00', 6),
(119, 35, 4, 'Lorem ipsum dolor sit amet,', '2020-01-15 00:00:00', 6),
(120, 42, 4, 'Lorem ipsum', '2019-12-02 00:00:00', 6),
(121, 45, 4, 'Lorem ipsum dolor sit', '2019-10-23 00:00:00', 3),
(122, 9, 4, 'Lorem ipsum', '2020-01-17 00:00:00', 5),
(123, 13, 1, 'Lorem ipsum dolor', '2019-12-02 00:00:00', 6),
(124, 25, 3, 'Lorem', '2020-02-04 00:00:00', 2),
(125, 36, 4, 'Lorem', '2019-11-22 00:00:00', 4),
(126, 13, 4, 'Lorem ipsum dolor sit amet,', '2019-12-30 00:00:00', 1),
(127, 12, 5, 'Lorem ipsum dolor', '2020-02-04 00:00:00', 5),
(128, 20, 2, 'Lorem ipsum dolor sit amet,', '2020-01-16 00:00:00', 5),
(129, 13, 0, 'Lorem', '2019-11-08 00:00:00', 4),
(130, 17, 3, 'Lorem ipsum dolor sit', '2020-02-10 00:00:00', 6),
(131, 7, 0, 'Lorem', '2019-10-10 00:00:00', 1),
(132, 49, 5, 'Lorem ipsum dolor', '2019-11-28 00:00:00', 2),
(133, 24, 0, 'Lorem ipsum dolor sit', '2019-12-05 00:00:00', 5),
(134, 36, 2, 'Lorem ipsum dolor sit amet,', '2020-01-14 00:00:00', 4),
(135, 9, 0, 'Lorem ipsum', '2020-01-26 00:00:00', 6),
(136, 24, 2, 'Lorem ipsum dolor', '2020-01-20 00:00:00', 3),
(137, 9, 1, 'Lorem ipsum dolor', '2019-11-11 00:00:00', 1),
(138, 36, 3, 'Lorem ipsum dolor', '2019-12-10 00:00:00', 6),
(139, 8, 0, 'Lorem ipsum dolor sit amet,', '2019-11-06 00:00:00', 2),
(140, 24, 3, 'Lorem ipsum', '2020-01-08 00:00:00', 5),
(141, 47, 1, 'Lorem ipsum dolor sit amet,', '2019-11-17 00:00:00', 3),
(142, 46, 1, 'Lorem ipsum', '2019-10-06 00:00:00', 4),
(143, 33, 1, 'Lorem ipsum dolor sit amet,', '2019-10-12 00:00:00', 4),
(144, 50, 5, 'Lorem ipsum', '2020-01-29 00:00:00', 4),
(145, 13, 1, 'Lorem ipsum', '2019-10-08 00:00:00', 3),
(146, 40, 3, 'Lorem', '2019-12-27 00:00:00', 5),
(147, 23, 4, 'Lorem ipsum dolor sit', '2020-01-02 00:00:00', 5),
(148, 44, 4, 'Lorem ipsum', '2019-11-21 00:00:00', 6),
(149, 10, 5, 'Lorem ipsum dolor sit amet,', '2019-10-19 00:00:00', 4),
(150, 22, 2, 'Lorem ipsum dolor sit amet,', '2019-11-15 00:00:00', 6),
(151, 19, 1, 'Lorem ipsum dolor sit amet,', '2020-01-19 00:00:00', 1),
(152, 13, 2, 'Lorem ipsum dolor', '2020-01-12 00:00:00', 4),
(153, 20, 2, 'Lorem ipsum', '2019-12-21 00:00:00', 6),
(154, 7, 5, 'Lorem ipsum dolor sit', '2019-11-10 00:00:00', 5),
(155, 2, 2, 'Lorem', '2019-12-10 00:00:00', 1),
(156, 33, 5, 'Lorem ipsum', '2019-10-20 00:00:00', 3),
(157, 33, 3, 'Lorem ipsum dolor sit', '2019-12-24 00:00:00', 2),
(158, 12, 3, 'Lorem ipsum dolor', '2020-02-03 00:00:00', 2),
(159, 10, 1, 'Lorem ipsum', '2019-10-08 00:00:00', 3),
(160, 26, 4, 'Lorem ipsum dolor sit', '2019-10-21 00:00:00', 5),
(161, 24, 0, 'Lorem ipsum', '2019-12-11 00:00:00', 5),
(162, 22, 5, 'Lorem ipsum', '2019-10-11 00:00:00', 2),
(163, 37, 4, 'Lorem ipsum', '2019-10-14 00:00:00', 2),
(164, 29, 5, 'Lorem ipsum dolor', '2019-12-09 00:00:00', 6),
(165, 10, 4, 'Lorem ipsum dolor', '2019-11-02 00:00:00', 2),
(166, 13, 0, 'Lorem ipsum dolor', '2019-10-15 00:00:00', 2),
(167, 46, 5, 'Lorem ipsum', '2020-01-12 00:00:00', 2),
(168, 24, 4, 'Lorem ipsum dolor', '2019-11-16 00:00:00', 5),
(169, 32, 3, 'Lorem ipsum dolor sit amet,', '2019-12-15 00:00:00', 3),
(170, 37, 0, 'Lorem', '2019-10-31 00:00:00', 6),
(171, 9, 1, 'Lorem ipsum dolor sit amet,', '2019-11-21 00:00:00', 2),
(172, 45, 3, 'Lorem ipsum dolor sit amet,', '2019-11-17 00:00:00', 3),
(173, 41, 5, 'Lorem ipsum dolor', '2019-10-07 00:00:00', 4),
(174, 31, 4, 'Lorem ipsum dolor', '2019-12-21 00:00:00', 1),
(175, 25, 2, 'Lorem ipsum dolor sit', '2019-12-03 00:00:00', 5),
(176, 50, 5, 'Lorem ipsum dolor sit', '2019-10-18 00:00:00', 1),
(177, 16, 2, 'Lorem ipsum dolor', '2020-01-19 00:00:00', 5),
(178, 49, 5, 'Lorem', '2019-12-16 00:00:00', 4),
(179, 18, 1, 'Lorem ipsum dolor sit amet,', '2019-10-24 00:00:00', 2),
(180, 14, 0, 'Lorem ipsum dolor sit amet,', '2020-02-13 00:00:00', 3),
(181, 21, 4, 'Lorem ipsum dolor sit', '2020-02-04 00:00:00', 2),
(182, 36, 4, 'Lorem ipsum', '2019-11-08 00:00:00', 6),
(183, 19, 5, 'Lorem ipsum dolor sit amet,', '2019-12-25 00:00:00', 1),
(184, 39, 0, 'Lorem', '2019-12-28 00:00:00', 6),
(185, 25, 0, 'Lorem ipsum dolor sit amet,', '2020-01-10 00:00:00', 2),
(186, 23, 3, 'Lorem', '2020-01-17 00:00:00', 1),
(187, 33, 2, 'Lorem ipsum dolor sit amet,', '2019-10-20 00:00:00', 1),
(188, 7, 2, 'Lorem ipsum dolor', '2019-12-29 00:00:00', 4),
(189, 5, 4, 'Lorem ipsum dolor', '2019-11-17 00:00:00', 4),
(190, 48, 2, 'Lorem ipsum dolor', '2019-11-29 00:00:00', 1),
(191, 3, 1, 'Lorem ipsum', '2020-01-16 00:00:00', 1),
(192, 12, 3, 'Lorem ipsum dolor sit', '2019-10-14 00:00:00', 2),
(193, 45, 2, 'Lorem', '2020-01-04 00:00:00', 4),
(194, 32, 4, 'Lorem ipsum dolor sit', '2020-01-23 00:00:00', 3),
(195, 20, 5, 'Lorem ipsum dolor sit', '2019-11-22 00:00:00', 6),
(196, 4, 0, 'Lorem ipsum dolor sit', '2020-01-19 00:00:00', 2),
(197, 19, 4, 'Lorem ipsum dolor sit', '2019-11-03 00:00:00', 2),
(198, 40, 2, 'Lorem ipsum dolor sit amet,', '2019-11-23 00:00:00', 3),
(199, 26, 5, 'Lorem', '2020-02-07 00:00:00', 2),
(200, 50, 1, 'Lorem ipsum dolor sit', '2019-11-01 00:00:00', 1),
(201, 58, 0, '', '2020-03-22 17:15:37', 6),
(202, 58, 5, 'Ffff', '2020-03-22 17:46:08', 5),
(203, 52, 5, 'Very good', '2020-03-23 13:42:21', 5),
(204, 60, 3, 'lol lol lol', '2020-03-24 06:48:22', 3);

-- --------------------------------------------------------

--
-- Table structure for table `roles`
--

CREATE TABLE `roles` (
  `id` int NOT NULL,
  `role` varchar(45) NOT NULL
) ENGINE=InnoDB DEFAULT CHARSET=utf8mb4 COLLATE=utf8mb4_0900_ai_ci;

--
-- Dumping data for table `roles`
--

INSERT INTO `roles` (`id`, `role`) VALUES
(1, 'superadmin'),
(2, 'admin'),
(3, 'user');

-- --------------------------------------------------------

--
-- Table structure for table `subcriptions`
--

CREATE TABLE `subcriptions` (
  `id` int NOT NULL,
  `user_id` int NOT NULL,
  `company_id` int NOT NULL
) ENGINE=InnoDB DEFAULT CHARSET=utf8mb4 COLLATE=utf8mb4_0900_ai_ci;

-- --------------------------------------------------------

--
-- Table structure for table `transaction_history`
--

CREATE TABLE `transaction_history` (
  `id` int NOT NULL,
  `date` datetime NOT NULL DEFAULT CURRENT_TIMESTAMP,
  `type` varchar(45) NOT NULL,
  `amount` int NOT NULL DEFAULT '0',
  `user_id` int NOT NULL,
  `status` int NOT NULL
) ENGINE=InnoDB DEFAULT CHARSET=utf8mb4 COLLATE=utf8mb4_0900_ai_ci;

--
-- Dumping data for table `transaction_history`
--

INSERT INTO `transaction_history` (`id`, `date`, `type`, `amount`, `user_id`, `status`) VALUES
(1, '2019-10-17 00:00:00', '1', 54451, 3, 1),
(2, '2019-10-28 00:00:00', '2', 90437, 10, 3),
(3, '2019-11-17 00:00:00', '4', 86650, 31, 2),
(4, '2019-12-26 00:00:00', '1', 53044, 48, 1),
(5, '2019-12-11 00:00:00', '2', 56546, 23, 2),
(6, '2020-02-02 00:00:00', '2', 50907, 16, 1),
(7, '2020-02-05 00:00:00', '3', 36956, 49, 2),
(8, '2019-11-21 00:00:00', '4', 31647, 42, 1),
(9, '2020-01-21 00:00:00', '2', 11594, 50, 3),
(10, '2020-02-04 00:00:00', '2', 58384, 46, 3),
(11, '2020-01-25 00:00:00', '3', 4828, 42, 3),
(12, '2019-12-09 00:00:00', '2', 62501, 22, 1),
(13, '2020-02-08 00:00:00', '1', 10336, 6, 1),
(14, '2019-12-06 00:00:00', '1', 71283, 13, 2),
(15, '2019-10-29 00:00:00', '4', 5157, 9, 1),
(16, '2019-10-18 00:00:00', '2', 99340, 14, 2),
(17, '2019-11-29 00:00:00', '2', 30992, 14, 3),
(18, '2019-11-09 00:00:00', '4', 60206, 44, 2),
(19, '2020-01-31 00:00:00', '1', 50649, 26, 3),
(20, '2020-01-16 00:00:00', '2', 42802, 18, 1),
(21, '2019-10-31 00:00:00', '4', 23320, 36, 1),
(22, '2020-02-11 00:00:00', '2', 25293, 5, 2),
(23, '2019-11-01 00:00:00', '4', 67251, 16, 3),
(24, '2019-12-04 00:00:00', '3', 58790, 8, 1),
(25, '2019-10-28 00:00:00', '4', 31415, 24, 1),
(26, '2019-11-24 00:00:00', '4', 72387, 36, 2),
(27, '2019-12-08 00:00:00', '1', 92906, 6, 2),
(28, '2019-11-15 00:00:00', '1', 87979, 35, 3),
(29, '2020-02-06 00:00:00', '1', 12922, 37, 1),
(30, '2020-01-01 00:00:00', '4', 52230, 10, 2),
(31, '2020-01-23 00:00:00', '2', 34534, 17, 3),
(32, '2020-01-19 00:00:00', '4', 10146, 47, 2),
(33, '2020-01-31 00:00:00', '1', 52138, 14, 1),
(34, '2020-01-28 00:00:00', '4', 75300, 4, 2),
(35, '2020-01-02 00:00:00', '1', 89218, 44, 1),
(36, '2019-12-22 00:00:00', '1', 97130, 32, 1),
(37, '2020-02-05 00:00:00', '3', 77645, 36, 3),
(38, '2020-01-22 00:00:00', '1', 28469, 5, 3),
(39, '2019-11-03 00:00:00', '1', 48045, 44, 1),
(40, '2020-02-05 00:00:00', '1', 28670, 29, 1),
(41, '2019-12-14 00:00:00', '4', 70223, 10, 1),
(42, '2019-11-30 00:00:00', '3', 62561, 18, 3),
(43, '2019-10-25 00:00:00', '3', 57580, 11, 2),
(44, '2020-01-12 00:00:00', '4', 75060, 4, 2),
(45, '2019-10-27 00:00:00', '4', 73588, 24, 3),
(46, '2020-02-05 00:00:00', '1', 96046, 28, 2),
(47, '2019-10-17 00:00:00', '1', 51660, 48, 2),
(48, '2019-10-19 00:00:00', '2', 14536, 15, 2),
(49, '2020-01-31 00:00:00', '3', 61346, 8, 3),
(50, '2020-01-26 00:00:00', '1', 51919, 29, 1),
(51, '2019-12-14 00:00:00', '1', 94740, 8, 1),
(52, '2020-01-16 00:00:00', '4', 77041, 16, 1),
(53, '2019-10-25 00:00:00', '4', 78648, 29, 3),
(54, '2019-11-06 00:00:00', '3', 95839, 26, 3),
(55, '2019-11-22 00:00:00', '2', 79580, 24, 3),
(56, '2019-11-08 00:00:00', '4', 75783, 18, 3),
(57, '2020-01-08 00:00:00', '4', 16437, 6, 2),
(58, '2019-12-21 00:00:00', '3', 27831, 31, 1),
(59, '2020-01-24 00:00:00', '1', 34240, 8, 3),
(60, '2019-11-25 00:00:00', '1', 84121, 3, 1),
(61, '2020-01-07 00:00:00', '2', 95908, 37, 2),
(62, '2019-11-12 00:00:00', '4', 18207, 49, 2),
(63, '2019-11-19 00:00:00', '4', 85348, 16, 1),
(64, '2019-10-18 00:00:00', '4', 86870, 39, 1),
(65, '2019-11-01 00:00:00', '1', 68156, 13, 3),
(66, '2020-01-28 00:00:00', '2', 80280, 48, 1),
(67, '2019-12-09 00:00:00', '1', 76004, 6, 2),
(68, '2020-02-07 00:00:00', '1', 58380, 10, 2),
(69, '2019-10-27 00:00:00', '4', 35688, 10, 1),
(70, '2019-11-30 00:00:00', '3', 50284, 37, 1),
(71, '2019-10-30 00:00:00', '4', 50445, 50, 3),
(72, '2020-01-26 00:00:00', '1', 38522, 20, 1),
(73, '2019-10-19 00:00:00', '2', 32076, 29, 2),
(74, '2019-10-24 00:00:00', '1', 14994, 46, 1),
(75, '2019-12-25 00:00:00', '3', 38361, 8, 3),
(76, '2020-01-11 00:00:00', '2', 52247, 36, 2),
(77, '2020-01-09 00:00:00', '4', 81790, 12, 1),
(78, '2019-11-18 00:00:00', '1', 67278, 35, 3),
(79, '2020-01-15 00:00:00', '4', 84396, 37, 1),
(80, '2019-10-31 00:00:00', '1', 84187, 14, 1),
(81, '2019-12-02 00:00:00', '4', 17590, 26, 1),
(82, '2020-01-31 00:00:00', '4', 44490, 48, 3),
(83, '2019-11-06 00:00:00', '2', 9786, 18, 2),
(84, '2020-02-13 00:00:00', '4', 19261, 3, 1),
(85, '2019-11-24 00:00:00', '3', 78794, 41, 1),
(86, '2019-12-18 00:00:00', '1', 38591, 13, 1),
(87, '2019-10-30 00:00:00', '2', 61970, 50, 2),
(88, '2020-01-13 00:00:00', '1', 72810, 34, 1),
(89, '2019-12-16 00:00:00', '2', 51256, 40, 3),
(90, '2020-02-06 00:00:00', '3', 23828, 46, 1),
(91, '2019-12-14 00:00:00', '1', 49139, 38, 3),
(92, '2020-02-07 00:00:00', '4', 37647, 6, 1),
(93, '2020-01-06 00:00:00', '1', 6482, 18, 3),
(94, '2019-12-24 00:00:00', '2', 14373, 11, 2),
(95, '2019-10-25 00:00:00', '1', 51673, 27, 3),
(96, '2020-01-31 00:00:00', '4', 11761, 8, 2),
(97, '2020-01-13 00:00:00', '4', 57939, 46, 3),
(98, '2019-11-07 00:00:00', '4', 93149, 42, 1),
(99, '2020-02-12 00:00:00', '4', 9108, 30, 1),
(100, '2020-01-22 00:00:00', '4', 42385, 13, 3),
(101, '2019-12-06 00:00:00', '1', 67508, 39, 1),
(102, '2020-01-17 00:00:00', '4', 97778, 30, 1),
(103, '2019-10-26 00:00:00', '1', 5108, 36, 3),
(104, '2019-12-03 00:00:00', '4', 21981, 45, 3),
(105, '2019-11-28 00:00:00', '2', 85107, 9, 3),
(106, '2019-12-02 00:00:00', '3', 91658, 18, 3),
(107, '2019-12-15 00:00:00', '3', 23197, 28, 3),
(108, '2019-12-21 00:00:00', '3', 52780, 43, 1),
(109, '2019-10-21 00:00:00', '3', 14336, 28, 1),
(110, '2019-11-30 00:00:00', '4', 21261, 22, 1),
(111, '2019-12-23 00:00:00', '1', 21727, 44, 3),
(112, '2019-12-02 00:00:00', '3', 53442, 34, 1),
(113, '2019-12-16 00:00:00', '3', 59156, 46, 3),
(114, '2019-10-25 00:00:00', '4', 41725, 37, 2),
(115, '2020-01-12 00:00:00', '1', 39700, 9, 1),
(116, '2019-12-04 00:00:00', '2', 33230, 8, 3),
(117, '2019-11-08 00:00:00', '1', 27279, 14, 2),
(118, '2019-12-11 00:00:00', '2', 94579, 48, 2),
(119, '2020-02-12 00:00:00', '3', 50558, 25, 2),
(120, '2019-12-12 00:00:00', '2', 94491, 9, 3),
(121, '2019-12-14 00:00:00', '2', 34264, 19, 1),
(122, '2020-02-10 00:00:00', '2', 65841, 44, 1),
(123, '2019-12-12 00:00:00', '3', 18910, 18, 3),
(124, '2020-01-21 00:00:00', '4', 50236, 26, 2),
(125, '2020-02-12 00:00:00', '4', 41499, 23, 3),
(126, '2019-10-28 00:00:00', '3', 37591, 16, 3),
(127, '2020-01-29 00:00:00', '3', 78312, 10, 2),
(128, '2020-01-22 00:00:00', '3', 22261, 9, 3),
(129, '2019-11-07 00:00:00', '2', 48591, 25, 3),
(130, '2020-01-09 00:00:00', '3', 59670, 25, 1),
(131, '2019-12-09 00:00:00', '3', 1664, 35, 3),
(132, '2019-10-28 00:00:00', '3', 97483, 6, 2),
(133, '2019-12-22 00:00:00', '3', 48178, 26, 2),
(134, '2019-11-30 00:00:00', '3', 56747, 12, 1),
(135, '2019-12-31 00:00:00', '2', 94324, 14, 2),
(136, '2019-10-21 00:00:00', '4', 67810, 13, 2),
(137, '2020-02-02 00:00:00', '3', 38697, 45, 1),
(138, '2019-12-03 00:00:00', '2', 68720, 15, 2),
(139, '2020-02-12 00:00:00', '2', 6191, 16, 3),
(140, '2019-11-29 00:00:00', '1', 21383, 15, 2),
(141, '2020-01-06 00:00:00', '2', 71344, 11, 2),
(142, '2020-01-20 00:00:00', '3', 37643, 10, 1),
(143, '2019-12-01 00:00:00', '4', 6047, 18, 3),
(144, '2019-10-17 00:00:00', '3', 80091, 37, 2),
(145, '2019-11-10 00:00:00', '4', 54813, 17, 1),
(146, '2020-01-06 00:00:00', '4', 59722, 14, 3),
(147, '2019-11-07 00:00:00', '1', 88378, 30, 1),
(148, '2019-12-02 00:00:00', '1', 38974, 41, 3),
(149, '2020-02-08 00:00:00', '4', 95219, 38, 3),
(150, '2020-01-09 00:00:00', '3', 32808, 45, 1),
(151, '2019-11-02 00:00:00', '1', 67513, 43, 1),
(152, '2020-01-03 00:00:00', '3', 17379, 18, 2),
(153, '2019-10-25 00:00:00', '1', 47537, 27, 2),
(154, '2019-12-30 00:00:00', '4', 59876, 10, 3),
(155, '2019-12-25 00:00:00', '2', 26305, 29, 2),
(156, '2019-12-19 00:00:00', '2', 33149, 41, 2),
(157, '2019-12-15 00:00:00', '2', 70418, 20, 1),
(158, '2019-12-06 00:00:00', '2', 67426, 20, 3),
(159, '2019-12-24 00:00:00', '2', 36950, 27, 2),
(160, '2019-12-19 00:00:00', '3', 97741, 19, 2),
(161, '2020-01-26 00:00:00', '1', 87650, 49, 2),
(162, '2020-02-04 00:00:00', '2', 36657, 28, 2),
(163, '2019-10-27 00:00:00', '3', 70238, 21, 2),
(164, '2019-11-30 00:00:00', '4', 22502, 39, 2),
(165, '2019-10-17 00:00:00', '3', 24182, 33, 3),
(166, '2019-12-19 00:00:00', '3', 28129, 23, 1),
(167, '2020-02-01 00:00:00', '1', 25808, 9, 1),
(168, '2019-11-22 00:00:00', '1', 24781, 18, 2),
(169, '2020-01-07 00:00:00', '4', 61881, 26, 2),
(170, '2019-10-17 00:00:00', '3', 53890, 30, 2),
(171, '2019-10-17 00:00:00', '2', 59245, 44, 3),
(172, '2020-01-05 00:00:00', '1', 76000, 28, 1),
(173, '2019-11-24 00:00:00', '2', 59731, 25, 1),
(174, '2019-12-12 00:00:00', '1', 57586, 15, 2),
(175, '2020-01-30 00:00:00', '1', 46302, 26, 1),
(176, '2020-01-24 00:00:00', '4', 34613, 17, 3),
(177, '2020-01-18 00:00:00', '1', 19163, 3, 3),
(178, '2020-01-25 00:00:00', '3', 69555, 50, 3),
(179, '2020-01-04 00:00:00', '1', 35506, 38, 2),
(180, '2019-12-03 00:00:00', '3', 92377, 24, 3),
(181, '2019-11-12 00:00:00', '2', 33632, 10, 2),
(182, '2019-12-26 00:00:00', '1', 26435, 18, 1),
(183, '2019-12-14 00:00:00', '1', 20377, 43, 1),
(184, '2020-02-09 00:00:00', '3', 88787, 40, 2),
(185, '2019-11-03 00:00:00', '2', 82585, 44, 2),
(186, '2019-12-15 00:00:00', '2', 42257, 50, 3),
(187, '2019-12-26 00:00:00', '1', 55171, 24, 1),
(188, '2020-02-10 00:00:00', '4', 25835, 19, 2),
(189, '2020-01-07 00:00:00', '2', 19426, 25, 2),
(190, '2020-02-06 00:00:00', '3', 88724, 33, 2),
(191, '2019-11-29 00:00:00', '2', 67563, 18, 2),
(192, '2020-01-07 00:00:00', '4', 47497, 11, 1),
(193, '2020-02-11 00:00:00', '4', 25543, 2, 2),
(194, '2019-12-01 00:00:00', '3', 89491, 41, 1),
(195, '2020-01-09 00:00:00', '2', 88081, 34, 1),
(196, '2019-11-09 00:00:00', '3', 84002, 49, 3),
(197, '2019-10-29 00:00:00', '2', 87884, 8, 3),
(198, '2019-11-03 00:00:00', '3', 22031, 22, 2),
(199, '2019-12-02 00:00:00', '4', 14661, 20, 2),
(200, '2019-11-28 00:00:00', '4', 88560, 13, 1),
(201, '2020-03-11 19:18:30', '1', 2000, 20, 1),
(202, '2020-03-11 19:27:07', '1', 2000, 20, 1),
(203, '2020-03-11 19:29:51', '1', 1000, 23, 1),
(204, '2020-03-21 17:35:36', '1', 1000, 52, 2),
(205, '2020-03-21 17:37:22', '1', 2000, 52, 1),
(206, '2020-03-21 19:17:51', '1', 5000, 52, 1),
(207, '2020-03-22 08:06:59', '2', 6000, 52, 1),
(208, '2020-03-22 11:48:34', '2', 1000, 52, 1),
(209, '2020-03-22 12:36:34', '2', 3000, 52, 1),
(210, '2020-03-22 12:37:38', '1', 100000, 52, 1),
(211, '2020-03-22 16:01:10', '1', 500, 52, 2),
(212, '2020-03-22 16:01:59', '1', 5000, 52, 1),
(213, '2020-03-22 17:09:55', '1', 5000, 58, 1),
(214, '2020-03-22 17:14:57', '2', 2100, 58, 1),
(215, '2020-03-22 17:46:03', '2', 200, 58, 1),
(216, '2020-03-23 09:57:50', '1', 100, 52, 2),
(217, '2020-03-23 13:29:50', '1', 0, 59, 2),
(218, '2020-03-23 13:34:07', '1', 0, 59, 2),
(219, '2020-03-23 13:35:52', '1', 100, 59, 1),
(220, '2020-03-23 13:41:46', '2', 315, 52, 1),
(221, '2020-03-23 13:59:50', '1', 500, 52, 1),
(222, '2020-03-23 14:49:29', '1', 1000, 52, 3),
(223, '2020-03-23 14:50:28', '1', 200, 52, 2),
(224, '2020-03-24 06:37:41', '1', 5000, 60, 1),
(225, '2020-03-24 06:48:01', '2', 300, 60, 1);

-- --------------------------------------------------------

--
-- Table structure for table `transaction_status`
--

CREATE TABLE `transaction_status` (
  `id` int NOT NULL,
  `status` varchar(45) NOT NULL
) ENGINE=InnoDB DEFAULT CHARSET=utf8mb4 COLLATE=utf8mb4_0900_ai_ci;

--
-- Dumping data for table `transaction_status`
--

INSERT INTO `transaction_status` (`id`, `status`) VALUES
(1, 'success'),
(2, 'pending'),
(3, 'failed');

-- --------------------------------------------------------

--
-- Table structure for table `transaction_types`
--

CREATE TABLE `transaction_types` (
  `id` int NOT NULL,
  `type` varchar(45) NOT NULL
) ENGINE=InnoDB DEFAULT CHARSET=utf8mb4 COLLATE=utf8mb4_0900_ai_ci;

--
-- Dumping data for table `transaction_types`
--

INSERT INTO `transaction_types` (`id`, `type`) VALUES
(1, 'top-up'),
(2, 'pay parking'),
(3, 'sent saldo'),
(4, 'admin fee');

-- --------------------------------------------------------

--
-- Table structure for table `users`
--

CREATE TABLE `users` (
  `id` int NOT NULL,
  `username` varchar(45) NOT NULL,
  `email` varchar(45) NOT NULL,
  `password` varchar(1024) NOT NULL,
  `role` int NOT NULL DEFAULT '3',
  `status` int NOT NULL DEFAULT '0'
) ENGINE=InnoDB DEFAULT CHARSET=utf8mb4 COLLATE=utf8mb4_0900_ai_ci;

--
-- Dumping data for table `users`
--

INSERT INTO `users` (`id`, `username`, `email`, `password`, `role`, `status`) VALUES
(1, 'alee0510', 'ali.muksin0510@gmail.com', '$2a$10$ncPs00PaWuRFohk/9E8Ys.8k5Y35CeXoJfo.u1pHJ7NgSNDGjezlK', 1, 1),
(2, 'eludgate0', 'cadnam0@noaa.gov', '$2a$10$W7LsoKciJWBjJBZDQ7e6reyoPaY9SDCNwDv4lZJA1cRtYbIr39uXK', 3, 0),
(3, 'fgounot1', 'hrogge1@hugedomains.com', '$2a$10$cMQgrwfnt/movJwwDkf87eUXqAc/oMk5fOAbLC.OBMftG7G8mtU3i', 3, 0),
(4, 'jeyles2', 'emattiazzi2@ifeng.com', '$2a$10$VwKb8udxGKSW1LyP8wbOEuczoe8bCyGbSuUoznBKvIrYWWzmR79eO', 3, 0),
(5, 'mbulbeck3', 'swiddowfield3@storify.com', '$2a$10$Kxi2G6myM3piO6Na6tdb/eEli52mJsS.5JFyc3xpXzoqrYGRGU.g.', 3, 0),
(6, 'tstenners4', 'sbagott4@irs.gov', '$2a$10$3JmoCGV63O5DzLAkfEwdc.IEDcCULOKSOlnqGBrFVb1goJrDCe.Oq', 3, 0),
(7, 'vfulker5', 'sbaudassi5@answers.com', '$2a$10$xLToPYRgpVLtytrBwaaTEeFLjgkTNVhfBhvz.Zq2Ycy2UXaiMOgGy', 3, 0),
(8, 'lattenbrow6', 'cmanby6@google.com.au', '$2a$10$aUgEEzlu8u0vM8gkH2cjleNFQbGvovt0v2VO7ICcCiyIPo.U6epfG', 3, 0),
(9, 'dthunderchief7', 'llingwood7@boston.com', '$2a$10$.QsaEDcH9.qwLh5fCXkRC.MIl9eigeHj9rU3gGucwAy0vWSht8CUG', 3, 0),
(10, 'alilloe8', 'nhowat8@ox.ac.uk', '$2a$10$Q1b7QSU95DCV2.rISRlDheMdYHHZR039JuSwkcCB8iBooyrLWwX.e', 3, 0),
(11, 'eyankeev9', 'tnestor9@upenn.edu', '$2a$10$rfZTesz/Oq74TBVOGq0Xy.0xY1W9G8M6UiRICpR08QTI6BlizuXQy', 3, 0),
(12, 'wdelwatera', 'nlightbourna@businesswire.com', '$2a$10$xoOuCNNbfnH1khgI5ViAtu9VWizYWY0j7TYGu2XbVcpfnQKNXFDz2', 3, 0),
(13, 'imaccallb', 'mcussinsb@latimes.com', '$2a$10$txUWOyKX1eY5q3xFY./pWuO8GcSC/xlkwoIdFIotbXe5NbpZn1Kdy', 3, 0),
(14, 'zhellmerc', 'lpellamonutenc@wp.com', '$2a$10$bFHWy0yNJNCkIV/5PtFpg.nEBXNVjPKR2qxwp2a2cJrxtGsNTD.w.', 3, 0),
(15, 'tceschinid', 'rreisenbergd@blogspot.com', '$2a$10$ai8UfvWF46e79Ova2nzkfuDoB5yZvB1peedj/f..LlKtwoT4KWaRa', 3, 0),
(16, 'jinstonee', 'sgouldthorpee@joomla.org', '$2a$10$0wIosk15SxrgyGGbERdf8eX/teN3Kooac52JclSy/JNSyL1tTCDZK', 3, 0),
(17, 'meglef', 'tmartinof@moonfruit.com', '$2a$10$tjoFI9Qx5PTlBVRNe3.iD.DH9AOOU2rqBs2/ug9aBYjZlNUSZK5p.', 3, 0),
(18, 'owoodfordg', 'abythellg@state.tx.us', '$2a$10$8fYZFlEih9/LRYx7I7d.1exSLqR/BkZs1rbj35aT0akRKHDBkab0m', 3, 0),
(19, 'wdabornh', 'ggreenhoughh@lulu.com', '$2a$10$R49mLlNVBSmbQO7MpqNAMuKCd0yDRyMYrGLV9cM4K1/4YZ7lWfQiy', 3, 0),
(20, 'blurcocki', 'fpageli@cyberchimps.com', '$2a$10$kn4F5ujnlFL.SojJ2WInz.LFTd/70YCjotj3.PwUUe69aFd9FZoUS', 3, 0),
(21, 'dparringtonj', 'mjohnysj@blogs.com', '$2a$10$GUofQ9S.pduPckP7icnTBuTqa/ElBVwOeQF4qZ0uZwNVolpmN.dhW', 3, 0),
(22, 'pgoblek', 'dportlockk@flavors.me', '$2a$10$L6vwHnv6AGlil4CIVEc5wODwdvD5f5GN9O8IRXaHoUxGzfmVaJCq2', 3, 0),
(23, 'drytonl', 'aseivwrightl@comcast.net', '$2a$10$pULGPp8Z6rTLmjOZAmOIzObKVNL5F6UQlpnStlTqYj3ysOPsLSARK', 3, 0),
(24, 'cpetroffm', 'abuckokem@zdnet.com', '$2a$10$joaO.VLA0w9RWG2ZmiTCyuMa9uPL11Uul9pxp59UMMvu8r0TNSlHe', 3, 0),
(25, 'tbarokn', 'bwhaleyn@lulu.com', '$2a$10$hdBueptazhnBfcsCnKfYy.ccGmmWdPtIxiwuNDfVm0ZbXzEPcDTc6', 2, 0),
(26, 'vstovino', 'jliveseyo@mayoclinic.com', '$2a$10$.xd1gWlqk6aoeTug3k78iumqF3R2l4i1AxGW8o7V5sIjbkG/JOwtG', 3, 0),
(27, 'amcnabbp', 'mbeelbyp@economist.com', '$2a$10$0uNA0cCHr/zL/xwOLqn.G.7sen/gHtGOcXicqBoaABWV/u8iCPx0G', 3, 0),
(28, 'ccayserq', 'scolquhounq@mozilla.com', '$2a$10$pRZnUTNuTEc2ooomOty2WON5T./XDUYwK4Nm6/Kwxpd0pBIN9CIny', 3, 0),
(29, 'aendacottr', 'dmacfier@blogspot.com', '$2a$10$TtC0gYd5rM2TQcDHfUc1UutLzZrYE.6s/Cv1yCdWlp73P986W8YVa', 3, 0),
(30, 'vluetkemeyerss', 'tandrics@vistaprint.com', '$2a$10$/fmIngMQ9H/Q7rSiAM4zOemsiV7Qy5CIvlVety6/0LcUSqALtDXfO', 3, 0),
(31, 'mmoset', 'dsaratht@hatena.ne.jp', '$2a$10$6hjC21xtf.qptTXJwRQh3ugulZMrDt68q0R.cp94X0dGJQP8sxOBm', 3, 0),
(32, 'afawthorpeu', 'ctiltu@census.gov', '$2a$10$g0rjDfXVGlR8a0Ft78OU2O5vWzhmras7tarYPc0lhbfz2J2TCu1M.', 3, 0),
(33, 'mmeldonv', 'nbourtoumieuxv@dyndns.org', '$2a$10$5ZuklNiAJ8DOSLtH9QVgWe.leveGm6pTsHM2GRGWhW9RaoopnJrOW', 2, 0),
(34, 'mbattersw', 'walwellw@twitpic.com', '$2a$10$dm3pTYgn1NEOP6eNH3dTB.uhcNPIOaIdB14aKelXTVBRUybl3UbPK', 3, 0),
(35, 'cmyrkusx', 'vniesegenx@ameblo.jp', '$2a$10$gRkIhWlirFyZcAEsK7AfEulnr.sDxV29E0lVio4.czBpyN26N8EZi', 3, 0),
(36, 'okuny', 'aurridgey@mediafire.com', '$2a$10$4.8I72KxC5CdhaPLp9AS5exlkQyyNSINNv91N/M/IuPiQpr3YpbS2', 3, 0),
(37, 'cgoosez', 'aswadlingz@bizjournals.com', '$2a$10$7NeqrcTVr0/jnoG.28F1ZuuYZvZGbkx.gZbejiYjuWQ0tD5t7yuA.', 3, 0),
(38, 'tgillbey10', 'dbartholat10@wired.com', '$2a$10$VtTWF538O/FvbfzQhNlbu.YWUMLzsevcNJYlyO.TbaydySAKBDpRC', 3, 0),
(39, 'lpickring11', 'sfairn11@tuttocitta.it', '$2a$10$eUwtlmEHU/QUR.5RUkVGW.Qcxv1.UVSxbRa/2lIRdZUEoPBUjFSMS', 3, 0),
(40, 'hredhole12', 'ggladdor12@biglobe.ne.jp', '$2a$10$VFKGsct.KVFCJ021COqRBuye9xiqIIb6viQiGlNmXcSMTVmJr3ALm', 3, 0),
(41, 'mperdue13', 'bmaunders13@reuters.com', '$2a$10$bsqckZ3MHVGemx9K4nz7P.WhPM6rTgIMc6LWBC/mu5C.2RyAxeAZa', 3, 0),
(42, 'spowlesland14', 'fkarpets14@blogger.com', '$2a$10$HswKXOraHi.YCTP1fpnduOt/mjvsR7uJLDD6wVftCSX1HmAhgmWyq', 3, 0),
(43, 'agronaller15', 'ggowthorpe15@cdc.gov', '$2a$10$wbeJDAEKl37PTxAz4CMT7e5DcST6ZksJMUdeE/GDmHmxvOLlOaq/G', 3, 0),
(44, 'tteresse16', 'cbinestead16@icq.com', '$2a$10$PHOULh3i.WdSsHL.aiISv.HRFaOWkwWjcJgwPnSu2lC0mn23X1Z12', 2, 0),
(45, 'gsmallacombe17', 'sgreber17@bigcartel.com', '$2a$10$YzuEul9uKENvzAo7QA4j0eCdC9s6RJHtnrlmqEmjIeQ/i6O.kH8lC', 3, 0),
(46, 'gwarhurst18', 'lvanichkin18@auda.org.au', '$2a$10$Q/l6BbqbcBAybSYz6ePLy.M9ks59iAR3z16GSV1gOpk3Wjq6zJqH.', 3, 0),
(47, 'mhedges19', 'nhowship19@diigo.com', '$2a$10$Zb8IgNrKX27GApfqL9sM.uPYVo1RlQI5/EzucqusKCD0U87XBH8vG', 2, 0),
(48, 'jwoodwing1a', 'tsmitten1a@surveymonkey.com', '$2a$10$oHxFmEbkg4wk634..b5Dn.K5kVCORfRTzUDU9dPAEHeqDlQa1xw0q', 3, 0),
(49, 'iugolini1b', 'dwarby1b@buzzfeed.com', '$2a$10$jKYd6QTp5pd59rR9wOh8Zewr6yWNua4I7VCFstQJ.5vhWrmhq9rAi', 3, 0),
(50, 'mconkling1c', 'speacey1c@qq.com', '$2a$10$qNHzZhoU4xEV.2IPpQ3vQ.Ne87tcX2KefZNN4YumS6mmf7NbYy1vW', 2, 0),
(51, 'alee0610', 'alee0510@gmail.com', '$2a$10$jHZgScdTEwxmLWnOm1K7Ze0JG72JyKKpWRTIJU49Sbg6fbcqqvtrS', 3, 0),
(52, 'lollinet', 'lollicon@gmail.com', '$2a$10$bwETHyUnGEmrZ3zW5GXQSu7yn2789Swfzs4gYILHvO5DcO6RKgEvm', 2, 1),
(53, 'test', 'test@gmail.com', '$2a$10$Er0P8A4oAHt1TCCYIQxskuSTBcnA/d6tWg.dDwnW5wV9urs6voFiO', 3, 0),
(54, 'lollicot', 'ali.sakra94@gmail.com', '$2a$10$7TRreuzvYalsGTvMcMJZ2OEBT.okCVYYd5XHzar2R771PsTD2Qhhe', 3, 0),
(55, 'alpha01', 'alpha@gmail.com', '$2a$10$D8Lv3ZhB0wsvpyHy4UCnv.oeYNhF1QvK27o8Rb3gZftH0Fhibgls.', 2, 0),
(56, 'lollian', 'lollian@gmail.com', '$2a$10$pNECr03F5vO43RMEDH1dR.2bGoKjEW36XHkKkAXW/yFjwagQgZWpe', 3, 0),
(57, 'testuser', 'testuser@gmail.com', '$2a$10$zkULSm2AzXnlelEWr0iHk.NSgdw3YLOPf7EajM/tiNlvImUnNU3Em', 3, 0),
(58, 'alpha', 'newuser@gmail.com', '$2a$10$P3vd6RQOf3p8dPVsHdnZLeFUxXWVV0MI/QWtkRsrqwM2xST9UOiCa', 3, 1),
(59, 'aleandre', 'fiqnh29@gmail.com', '$2a$10$sQobk5Rkv92WdIDSVufLxeeG6UfX7PHdPY3WLJ5TWCMdcU2aEo0N.', 3, 1),
(60, 'lollineet', 'god.ghosthack@gmail.com', '$2a$10$EjiE4aIbazRRQmgX.TAVc.dW6GwU13.JsbzKLWF2fDIYWlyIpHEj.', 3, 1);

-- --------------------------------------------------------

--
-- Table structure for table `vehicles`
--

CREATE TABLE `vehicles` (
  `id` int NOT NULL,
  `police_no` varchar(45) NOT NULL,
  `vehicle_type` int NOT NULL,
  `brand_id` int NOT NULL,
  `type_id` int NOT NULL,
  `color` varchar(45) DEFAULT NULL,
  `user_id` int NOT NULL
) ENGINE=InnoDB DEFAULT CHARSET=utf8mb4 COLLATE=utf8mb4_0900_ai_ci;

--
-- Dumping data for table `vehicles`
--

INSERT INTO `vehicles` (`id`, `police_no`, `vehicle_type`, `brand_id`, `type_id`, `color`, `user_id`) VALUES
(1, 'HD 4822 FAN', 2, 5, 36, NULL, 2),
(2, 'IB 7927 UWB', 2, 1, 36, NULL, 3),
(3, 'HX 6205 JZS', 1, 3, 46, NULL, 4),
(4, 'AD 5953 BZQ', 2, 3, 43, NULL, 5),
(5, 'RW 4356 OAS', 2, 5, 115, NULL, 6),
(6, 'PX 8133 BUM', 1, 3, 84, NULL, 7),
(7, 'IV 6319 JHZ', 2, 4, 28, NULL, 8),
(8, 'RJ 0284 LQS', 1, 3, 35, NULL, 9),
(9, 'XW 1270 OJP', 2, 1, 28, NULL, 10),
(10, 'IG 4789 VLD', 1, 1, 93, NULL, 11),
(11, 'JR 8259 VLL', 1, 4, 25, NULL, 12),
(12, 'MH 9001 HKF', 1, 3, 38, NULL, 13),
(13, 'RK 0689 SGD', 2, 1, 100, NULL, 14),
(14, 'WA 3018 ZGX', 1, 2, 123, NULL, 15),
(15, 'AN 1969 JGF', 1, 2, 121, NULL, 16),
(16, 'WY 5659 TNT', 2, 5, 82, NULL, 17),
(17, 'OF 8366 ZEW', 2, 4, 17, NULL, 18),
(18, 'EK 1996 XIQ', 1, 3, 77, NULL, 19),
(19, 'OL 5842 BTC', 2, 4, 86, NULL, 20),
(20, 'UF 3286 IOQ', 2, 2, 61, NULL, 21),
(21, 'HM 0306 MGK', 1, 1, 114, NULL, 22),
(22, 'MN 2732 TSW', 1, 5, 117, NULL, 23),
(23, 'JD 4425 FRR', 1, 2, 41, NULL, 24),
(24, 'WX 0752 PHC', 1, 5, 15, NULL, 25),
(25, 'SY 0864 DWQ', 1, 1, 61, NULL, 26),
(26, 'VF 8081 EGN', 1, 5, 31, NULL, 27),
(27, 'FR 1241 DRR', 1, 4, 66, NULL, 28),
(28, 'DL 5120 MTD', 1, 1, 118, NULL, 29),
(29, 'DJ 0723 ONQ', 1, 3, 109, NULL, 30),
(30, 'PM 0174 KPQ', 2, 2, 93, NULL, 31),
(31, 'VE 2371 FEG', 2, 3, 57, NULL, 32),
(32, 'VV 7112 MOW', 2, 1, 41, NULL, 33),
(33, 'IF 4686 JVJ', 2, 3, 64, NULL, 34),
(34, 'WW 4522 MCE', 2, 5, 19, NULL, 35),
(35, 'TD 4273 WAF', 1, 4, 116, NULL, 36),
(36, 'IC 1669 FLH', 1, 4, 118, NULL, 37),
(37, 'RR 7109 TNQ', 1, 2, 40, NULL, 38),
(38, 'HN 8157 FWB', 2, 2, 30, NULL, 39),
(39, 'IS 8385 QWX', 2, 4, 25, NULL, 40),
(40, 'FR 4559 EIF', 1, 1, 66, NULL, 41),
(41, 'GH 7021 TUH', 1, 3, 69, NULL, 42),
(42, 'GF 2625 FCH', 1, 4, 73, NULL, 43),
(43, 'RD 2418 FIH', 1, 5, 82, NULL, 44),
(44, 'IG 3461 NRL', 2, 1, 41, NULL, 45),
(45, 'TO 2870 HYX', 2, 1, 2, NULL, 46),
(46, 'TV 0116 HHN', 2, 2, 44, NULL, 47),
(47, 'OL 9901 FLG', 2, 4, 14, NULL, 48),
(48, 'XQ 0316 GGI', 1, 2, 58, NULL, 49),
(49, 'B1234AC', 1, 1, 2, NULL, 50),
(50, 'B1234ABC', 1, 4, 114, 'Yuyuyu', 52),
(51, 'B4444AC', 1, 1, 2, NULL, 53),
(52, 'ABC1234D', 1, 0, 0, 'BlackPink', 57),
(53, 'ABC4321FD', 2, 1, 9, 'black', 58),
(54, 'B6744GPX', 2, 1, 10, 'red', 59),
(55, 'BLC567PNK', 2, 4, 117, 'blackpink', 60);

-- --------------------------------------------------------

--
-- Table structure for table `vehicle_types`
--

CREATE TABLE `vehicle_types` (
  `id` int NOT NULL,
  `type` varchar(45) NOT NULL
) ENGINE=InnoDB DEFAULT CHARSET=utf8mb4 COLLATE=utf8mb4_0900_ai_ci;

--
-- Dumping data for table `vehicle_types`
--

INSERT INTO `vehicle_types` (`id`, `type`) VALUES
(1, 'car'),
(2, 'motorcylce');

-- --------------------------------------------------------

--
-- Table structure for table `wallet`
--

CREATE TABLE `wallet` (
  `id` int NOT NULL,
  `saldo` int NOT NULL DEFAULT '0',
  `point` int NOT NULL DEFAULT '0'
) ENGINE=InnoDB DEFAULT CHARSET=utf8mb4 COLLATE=utf8mb4_0900_ai_ci;

--
-- Dumping data for table `wallet`
--

INSERT INTO `wallet` (`id`, `saldo`, `point`) VALUES
(1, 6417, 45),
(2, 8101, 16),
(3, 5265, 17),
(4, 9709, 76),
(5, 7726, 49),
(6, 5949, 41),
(7, 3058, 15),
(8, 1029, 67),
(9, 8017, 86),
(10, 7109, 16),
(11, 9960, 33),
(12, 4727, 91),
(13, 9193, 25),
(14, 1425, 92),
(15, 3274, 82),
(16, 7178, 10),
(17, 5359, 66),
(18, 2153, 72),
(19, 5429, 57),
(20, 6031, 75),
(21, 9801, 22),
(22, 7510, 60),
(23, 5825, 68),
(24, 7221, 37),
(25, 8673, 92),
(26, 7376, 41),
(27, 4018, 47),
(28, 9327, 18),
(29, 2639, 59),
(30, 3513, 84),
(31, 7204, 73),
(32, 8562, 98),
(33, 7913, 57),
(34, 4068, 69),
(35, 5152, 67),
(36, 1965, 43),
(37, 6679, 33),
(38, 1252, 91),
(39, 7183, 68),
(40, 7038, 62),
(41, 2035, 42),
(42, 2609, 19),
(43, 6175, 57),
(44, 2074, 69),
(45, 8198, 74),
(46, 5902, 80),
(47, 1068, 63),
(48, 3184, 99),
(49, 3502, 96),
(50, 4277, 62),
(51, 4448, 24),
(52, 105185, 0),
(53, 0, 0),
(54, 0, 0),
(55, 0, 0),
(56, 0, 0),
(57, 0, 0),
(58, 2700, 0),
(59, 100, 0),
(60, 4700, 0);

--
-- Indexes for dumped tables
--

--
-- Indexes for table `car_brands`
--
ALTER TABLE `car_brands`
  ADD PRIMARY KEY (`id`);

--
-- Indexes for table `car_types`
--
ALTER TABLE `car_types`
  ADD PRIMARY KEY (`id`);

--
-- Indexes for table `history`
--
ALTER TABLE `history`
  ADD PRIMARY KEY (`id`);

--
-- Indexes for table `home_carousel`
--
ALTER TABLE `home_carousel`
  ADD PRIMARY KEY (`id`);

--
-- Indexes for table `motor_brands`
--
ALTER TABLE `motor_brands`
  ADD PRIMARY KEY (`id`);

--
-- Indexes for table `motor_types`
--
ALTER TABLE `motor_types`
  ADD PRIMARY KEY (`id`);

--
-- Indexes for table `on_active`
--
ALTER TABLE `on_active`
  ADD PRIMARY KEY (`id`);

--
-- Indexes for table `parking_area`
--
ALTER TABLE `parking_area`
  ADD PRIMARY KEY (`id`);

--
-- Indexes for table `partners`
--
ALTER TABLE `partners`
  ADD PRIMARY KEY (`id`);

--
-- Indexes for table `profiles`
--
ALTER TABLE `profiles`
  ADD PRIMARY KEY (`id`);

--
-- Indexes for table `ratings`
--
ALTER TABLE `ratings`
  ADD PRIMARY KEY (`id`);

--
-- Indexes for table `roles`
--
ALTER TABLE `roles`
  ADD PRIMARY KEY (`id`);

--
-- Indexes for table `subcriptions`
--
ALTER TABLE `subcriptions`
  ADD PRIMARY KEY (`id`);

--
-- Indexes for table `transaction_history`
--
ALTER TABLE `transaction_history`
  ADD PRIMARY KEY (`id`);

--
-- Indexes for table `transaction_status`
--
ALTER TABLE `transaction_status`
  ADD PRIMARY KEY (`id`);

--
-- Indexes for table `transaction_types`
--
ALTER TABLE `transaction_types`
  ADD PRIMARY KEY (`id`);

--
-- Indexes for table `users`
--
ALTER TABLE `users`
  ADD PRIMARY KEY (`id`);

--
-- Indexes for table `vehicles`
--
ALTER TABLE `vehicles`
  ADD PRIMARY KEY (`id`);

--
-- Indexes for table `vehicle_types`
--
ALTER TABLE `vehicle_types`
  ADD PRIMARY KEY (`id`);

--
-- Indexes for table `wallet`
--
ALTER TABLE `wallet`
  ADD PRIMARY KEY (`id`);

--
-- AUTO_INCREMENT for dumped tables
--

--
-- AUTO_INCREMENT for table `car_brands`
--
ALTER TABLE `car_brands`
  MODIFY `id` int NOT NULL AUTO_INCREMENT, AUTO_INCREMENT=46;

--
-- AUTO_INCREMENT for table `car_types`
--
ALTER TABLE `car_types`
  MODIFY `id` int NOT NULL AUTO_INCREMENT, AUTO_INCREMENT=188;

--
-- AUTO_INCREMENT for table `history`
--
ALTER TABLE `history`
  MODIFY `id` int NOT NULL AUTO_INCREMENT, AUTO_INCREMENT=208;

--
-- AUTO_INCREMENT for table `home_carousel`
--
ALTER TABLE `home_carousel`
  MODIFY `id` int NOT NULL AUTO_INCREMENT, AUTO_INCREMENT=6;

--
-- AUTO_INCREMENT for table `motor_brands`
--
ALTER TABLE `motor_brands`
  MODIFY `id` int NOT NULL AUTO_INCREMENT, AUTO_INCREMENT=9;

--
-- AUTO_INCREMENT for table `motor_types`
--
ALTER TABLE `motor_types`
  MODIFY `id` int NOT NULL AUTO_INCREMENT, AUTO_INCREMENT=127;

--
-- AUTO_INCREMENT for table `on_active`
--
ALTER TABLE `on_active`
  MODIFY `id` int NOT NULL AUTO_INCREMENT, AUTO_INCREMENT=109;

--
-- AUTO_INCREMENT for table `parking_area`
--
ALTER TABLE `parking_area`
  MODIFY `id` int NOT NULL AUTO_INCREMENT, AUTO_INCREMENT=17;

--
-- AUTO_INCREMENT for table `partners`
--
ALTER TABLE `partners`
  MODIFY `id` int NOT NULL AUTO_INCREMENT, AUTO_INCREMENT=10;

--
-- AUTO_INCREMENT for table `ratings`
--
ALTER TABLE `ratings`
  MODIFY `id` int NOT NULL AUTO_INCREMENT, AUTO_INCREMENT=205;

--
-- AUTO_INCREMENT for table `roles`
--
ALTER TABLE `roles`
  MODIFY `id` int NOT NULL AUTO_INCREMENT, AUTO_INCREMENT=4;

--
-- AUTO_INCREMENT for table `subcriptions`
--
ALTER TABLE `subcriptions`
  MODIFY `id` int NOT NULL AUTO_INCREMENT;

--
-- AUTO_INCREMENT for table `transaction_history`
--
ALTER TABLE `transaction_history`
  MODIFY `id` int NOT NULL AUTO_INCREMENT, AUTO_INCREMENT=226;

--
-- AUTO_INCREMENT for table `transaction_status`
--
ALTER TABLE `transaction_status`
  MODIFY `id` int NOT NULL AUTO_INCREMENT, AUTO_INCREMENT=4;

--
-- AUTO_INCREMENT for table `transaction_types`
--
ALTER TABLE `transaction_types`
  MODIFY `id` int NOT NULL AUTO_INCREMENT, AUTO_INCREMENT=5;

--
-- AUTO_INCREMENT for table `users`
--
ALTER TABLE `users`
  MODIFY `id` int NOT NULL AUTO_INCREMENT, AUTO_INCREMENT=61;

--
-- AUTO_INCREMENT for table `vehicles`
--
ALTER TABLE `vehicles`
  MODIFY `id` int NOT NULL AUTO_INCREMENT, AUTO_INCREMENT=56;

--
-- AUTO_INCREMENT for table `vehicle_types`
--
ALTER TABLE `vehicle_types`
  MODIFY `id` int NOT NULL AUTO_INCREMENT, AUTO_INCREMENT=3;
COMMIT;

/*!40101 SET CHARACTER_SET_CLIENT=@OLD_CHARACTER_SET_CLIENT */;
/*!40101 SET CHARACTER_SET_RESULTS=@OLD_CHARACTER_SET_RESULTS */;
/*!40101 SET COLLATION_CONNECTION=@OLD_COLLATION_CONNECTION */;
